Recall(X),VGG16(Y),EffNetB0(Y),SwinT(Y)
0.0,0.372093,1.0,1.0
0.002004008016032064,0.372093,0.9719438456913407,1.0
0.004008016032064128,0.372093,0.9438876913826814,1.0
0.0060120240480961915,0.372093,0.9158315370740221,1.0
0.008016032064128256,0.372093,0.8877753827653627,1.0
0.01002004008016032,0.372093,0.8597192284567035,1.0
0.012024048096192383,0.372093,0.8316630741480441,1.0
0.014028056112224447,0.372093,0.8036069198393848,1.0
0.01603206412825651,0.372093,0.7755507655307254,1.0
0.018036072144288574,0.372093,0.7474946112220662,1.0
0.02004008016032064,0.372093,0.7194384569134068,1.0
0.022044088176352703,0.372093,0.6913823026047475,1.0
0.024048096192384766,0.372093,0.6633261482960882,1.0
0.026052104208416832,0.372093,0.6352699939874289,1.0
0.028056112224448895,0.372093,0.6072138396787696,1.0
0.03006012024048096,0.372093,0.5791576853701103,1.0
0.03206412825651302,0.372093,0.5511015310614509,1.0
0.03406813627254509,0.372093,0.5230453767527916,1.0
0.03607214428857715,0.372093,0.49498922244413235,1.0
0.038076152304609215,0.372093,0.466933068135473,1.0
0.04008016032064128,0.372093,0.4388769138268136,1.0
0.04208416833667334,0.372093,0.41082075951815433,1.0
0.044088176352705406,0.372093,0.38276460520949507,1.0
0.04609218436873747,0.372093,0.3547084509008357,1.0
0.04809619238476953,0.372093,0.333333,1.0
0.0501002004008016,0.372093,0.333333,1.0
0.052104208416833664,0.372093,0.333333,1.0
0.05410821643286573,0.372093,0.333333,1.0
0.05611222444889779,0.372093,0.333333,1.0
0.058116232464929855,0.372093,0.333333,1.0
0.06012024048096192,0.372093,0.333333,1.0
0.06212424849699398,0.372093,0.333333,1.0
0.06412825651302605,0.372093,0.333333,1.0
0.06613226452905811,0.372093,0.333333,1.0
0.06813627254509018,0.372093,0.333333,1.0
0.07014028056112225,0.372093,0.333333,1.0
0.0721442885771543,0.372093,0.333333,1.0
0.07414829659318636,0.372093,0.333333,1.0
0.07615230460921843,0.372093,0.333333,1.0
0.0781563126252505,0.372093,0.333333,1.0
0.08016032064128256,0.372093,0.333333,1.0
0.08216432865731463,0.372093,0.333333,1.0
0.08416833667334668,0.372093,0.333333,1.0
0.08617234468937875,0.372093,0.333333,1.0
0.08817635270541081,0.372093,0.333333,1.0
0.09018036072144288,0.372093,0.333333,1.0
0.09218436873747494,0.372093,0.333333,1.0
0.09418837675350701,0.372093,0.333333,1.0
0.09619238476953906,0.372093,0.3330293421398331,1.0
0.09819639278557113,0.372093,0.3323917242677463,1.0
0.1002004008016032,0.372093,0.3317541063956595,1.0
0.10220440881763526,0.372093,0.33111648852357267,1.0
0.10420841683366733,0.372093,0.3304788706514859,1.0
0.1062124248496994,0.372093,0.3298412527793991,1.0
0.10821643286573146,0.372093,0.32920363490731225,1.0
0.11022044088176351,0.372093,0.3285660170352255,1.0
0.11222444889779558,0.372093,0.32792839916313865,1.0
0.11422845691382764,0.372093,0.3272907812910518,1.0
0.11623246492985971,0.372093,0.32665316341896505,1.0
0.11823647294589178,0.372093,0.3260155455468782,1.0
0.12024048096192384,0.372093,0.3253779276747914,1.0
0.1222444889779559,0.372093,0.32474030980270463,1.0
0.12424849699398796,0.372093,0.3241026919306178,1.0
0.12625250501002003,0.372093,0.323465074058531,1.0
0.1282565130260521,0.372093,0.3228274561864442,1.0
0.13026052104208416,0.372093,0.3221898383143574,1.0
0.13226452905811623,0.372093,0.32155222044227055,1.0
0.1342685370741483,0.372093,0.3209146025701837,1.0
0.13627254509018036,0.372093,0.32027698469809696,1.0
0.13827655310621242,0.372093,0.31963936682601013,1.0
0.1402805611222445,0.372093,0.3190017489539233,1.0
0.14228456913827653,0.372093,0.31836413108183653,1.0
0.1442885771543086,0.372093,0.318182,0.9933193066132266
0.14629258517034066,0.372093,0.318182,0.9839672692050769
0.14829659318637273,0.372093,0.318182,0.9746152317969273
0.1503006012024048,0.372093,0.318182,0.9652631943887777
0.15230460921843686,0.372093,0.318182,0.955911156980628
0.15430861723446893,0.372093,0.318182,0.9465591195724784
0.156312625250501,0.372093,0.318182,0.9372070821643288
0.15831663326653306,0.372093,0.318182,0.9278550447561791
0.16032064128256512,0.372093,0.318182,0.9185030073480295
0.1623246492985972,0.372093,0.318182,0.9091509699398799
0.16432865731462926,0.372093,0.318182,0.8997989325317302
0.16633266533066132,0.372093,0.318182,0.8904468951235806
0.16833667334669336,0.372093,0.318182,0.881094857715431
0.17034068136272543,0.372093,0.318182,0.8717428203072813
0.1723446893787575,0.372093,0.318182,0.8623907828991317
0.17434869739478956,0.372093,0.318182,0.853038745490982
0.17635270541082163,0.372093,0.318182,0.8436867080828324
0.1783567134268537,0.372093,0.318182,0.8343346706746828
0.18036072144288576,0.372093,0.318182,0.8249826332665331
0.18236472945891782,0.372093,0.318182,0.8156305958583835
0.1843687374749499,0.372093,0.318182,0.8062785584502339
0.18637274549098196,0.372093,0.318182,0.7969265210420842
0.18837675350701402,0.372093,0.318182,0.7875744836339346
0.1903807615230461,0.372093,0.318182,0.778222446225785
0.19238476953907813,0.372093,0.318182,0.777778
0.1943887775551102,0.372093,0.318182,0.777778
0.19639278557114226,0.372093,0.318182,0.777778
0.19839679358717432,0.372093,0.318182,0.777778
0.2004008016032064,0.372093,0.318182,0.777778
0.20240480961923846,0.372093,0.318182,0.777778
0.20440881763527052,0.372093,0.318182,0.777778
0.2064128256513026,0.372093,0.318182,0.777778
0.20841683366733466,0.372093,0.318182,0.777778
0.21042084168336672,0.372093,0.318182,0.777778
0.2124248496993988,0.372093,0.318182,0.777778
0.21442885771543085,0.372093,0.318182,0.777778
0.21643286573146292,0.372093,0.318182,0.777778
0.21843687374749496,0.372093,0.318182,0.777778
0.22044088176352702,0.372093,0.318182,0.777778
0.2224448897795591,0.372093,0.318182,0.777778
0.22444889779559116,0.372093,0.318182,0.777778
0.22645290581162322,0.372093,0.318182,0.777778
0.2284569138276553,0.372093,0.318182,0.777778
0.23046092184368736,0.372093,0.318182,0.777778
0.23246492985971942,0.372093,0.318182,0.777778
0.2344689378757515,0.372093,0.318182,0.777778
0.23647294589178355,0.372093,0.318182,0.777778
0.23847695390781562,0.372093,0.318182,0.777778
0.24048096192384769,0.372093,0.318182,0.777778
0.24248496993987975,0.372093,0.318182,0.777778
0.2444889779559118,0.372093,0.318182,0.777778
0.24649298597194386,0.372093,0.318182,0.777778
0.24849699398797592,0.372093,0.318182,0.777778
0.250501002004008,0.372093,0.318182,0.777778
0.25250501002004005,0.372093,0.318182,0.777778
0.2545090180360721,0.372093,0.318182,0.777778
0.2565130260521042,0.372093,0.318182,0.777778
0.25851703406813625,0.372093,0.318182,0.777778
0.2605210420841683,0.372093,0.318182,0.777778
0.2625250501002004,0.372093,0.318182,0.777778
0.26452905811623245,0.372093,0.318182,0.777778
0.2665330661322645,0.372093,0.318182,0.777778
0.2685370741482966,0.372093,0.318182,0.777778
0.27054108216432865,0.372093,0.318182,0.777778
0.2725450901803607,0.372093,0.318182,0.777778
0.2745490981963928,0.372093,0.318182,0.777778
0.27655310621242485,0.372093,0.318182,0.777778
0.2785571142284569,0.372093,0.318182,0.777778
0.280561122244489,0.372093,0.318182,0.777778
0.282565130260521,0.372093,0.318182,0.777778
0.28456913827655306,0.372093,0.318182,0.777778
0.2865731462925851,0.372093,0.318182,0.777778
0.2885771543086172,0.372093,0.318182,0.777778
0.29058116232464926,0.372093,0.318182,0.777778
0.2925851703406813,0.372093,0.318182,0.777778
0.2945891783567134,0.372093,0.318182,0.777778
0.29659318637274545,0.372093,0.318182,0.777778
0.2985971943887775,0.372093,0.318182,0.777778
0.3006012024048096,0.372093,0.318182,0.777778
0.30260521042084165,0.372093,0.318182,0.777778
0.3046092184368737,0.372093,0.318182,0.777778
0.3066132264529058,0.372093,0.318182,0.777778
0.30861723446893785,0.372093,0.318182,0.777778
0.3106212424849699,0.372093,0.318182,0.777778
0.312625250501002,0.372093,0.318182,0.777778
0.31462925851703405,0.372093,0.318182,0.777778
0.3166332665330661,0.372093,0.318182,0.777778
0.3186372745490982,0.372093,0.318182,0.777778
0.32064128256513025,0.372093,0.318182,0.777778
0.3226452905811623,0.372093,0.318182,0.777778
0.3246492985971944,0.372093,0.318182,0.777778
0.32665330661322645,0.372093,0.318182,0.777778
0.3286573146292585,0.372093,0.318182,0.777778
0.3306613226452906,0.372093,0.318182,0.777778
0.33266533066132264,0.372093,0.318182,0.777778
0.33466933867735466,0.372093,0.31756781011166585,0.7734905695531428
0.3366733466933867,0.372093,0.3166467550823944,0.767061028053461
0.3386773547094188,0.372093,0.31572570005312295,0.7606314865537792
0.34068136272545085,0.372093,0.31480464502385147,0.7542019450540974
0.3426853707414829,0.372093,0.31388358999458,0.7477724035544157
0.344689378757515,0.372093,0.31296253496530857,0.7413428620547339
0.34669338677354705,0.372093,0.3120414799360371,0.7349133205550521
0.3486973947895791,0.372093,0.3111204249067656,0.7284837790553703
0.3507014028056112,0.372093,0.31019936987749414,0.7220542375556885
0.35270541082164325,0.372093,0.3092783148482227,0.7156246960560068
0.3547094188376753,0.372093,0.30835725981895123,0.709195154556325
0.3567134268537074,0.372093,0.30743620478967976,0.7027656130566432
0.35871743486973945,0.372093,0.3065151497604083,0.6963360715569614
0.3607214428857715,0.372093,0.30559409473113686,0.6899065300572796
0.3627254509018036,0.372093,0.3046730397018654,0.6834769885575979
0.36472945891783565,0.372093,0.3037519846725939,0.6770474470579161
0.3667334669338677,0.372093,0.3028309296433225,0.6706179055582343
0.3687374749498998,0.372093,0.301909874614051,0.6641883640585525
0.37074148296593185,0.372093,0.3009888195847795,0.6577588225588707
0.3727454909819639,0.372093,0.30006776455550804,0.651329281059189
0.374749498997996,0.372093,0.2991467095262366,0.6448997395595072
0.37675350701402804,0.372093,0.29822565449696514,0.6384701980598254
0.3787575150300601,0.372093,0.29730459946769366,0.6320406565601436
0.3807615230460922,0.372093,0.2963835444384222,0.6256111150604617
0.38276553106212424,0.372093,0.2960685231308077,0.625
0.38476953907815625,0.372093,0.2958171541419638,0.625
0.3867735470941883,0.372093,0.2955657851531198,0.625
0.3887775551102204,0.372093,0.2953144161642759,0.625
0.39078156312625245,0.372093,0.29506304717543197,0.625
0.3927855711422845,0.372093,0.294811678186588,0.625
0.3947895791583166,0.372093,0.29456030919774406,0.625
0.39679358717434865,0.372093,0.29430894020890014,0.625
0.3987975951903807,0.372093,0.2940575712200562,0.625
0.4008016032064128,0.372093,0.29380620223121223,0.625
0.40280561122244485,0.372093,0.2935548332423683,0.625
0.4048096192384769,0.372093,0.2933034642535244,0.625
0.406813627254509,0.372093,0.29305209526468046,0.625
0.40881763527054105,0.372093,0.2928007262758365,0.625
0.4108216432865731,0.372093,0.29254935728699255,0.625
0.4128256513026052,0.372093,0.2922979882981486,0.625
0.41482965931863724,0.372093,0.2920466193093047,0.625
0.4168336673346693,0.372093,0.2917952503204607,0.625
0.4188376753507014,0.372093,0.2915438813316168,0.625
0.42084168336673344,0.372093,0.29129251234277287,0.625
0.4228456913827655,0.372093,0.29104114335392894,0.625
0.4248496993987976,0.372093,0.29078977436508496,0.625
0.42685370741482964,0.372093,0.29053840537624104,0.625
0.4288577154308617,0.372093,0.29021705395490366,0.625
0.4308617234468938,0.372093,0.2894765401883378,0.625
0.43286573146292584,0.372093,0.28873602642177193,0.625
0.4348697394789579,0.372093,0.287995512655206,0.625
0.4368737474949899,0.372093,0.2872549988886402,0.625
0.438877755511022,0.372093,0.28651448512207434,0.625
0.44088176352705405,0.372093,0.2857739713555084,0.625
0.4428857715430861,0.372093,0.28503345758894255,0.625
0.4448897795591182,0.372093,0.2842929438223767,0.625
0.44689378757515025,0.372093,0.2835524300558108,0.625
0.4488977955911823,0.372093,0.28281191628924496,0.625
0.4509018036072144,0.372093,0.2820714025226791,0.625
0.45290581162324645,0.372093,0.28133088875611323,0.625
0.4549098196392785,0.372093,0.28059037498954736,0.625
0.4569138276553106,0.372093,0.2798498612229815,0.625
0.45891783567134264,0.372093,0.2791093474564156,0.625
0.4609218436873747,0.372093,0.2783688336898497,0.625
0.4629258517034068,0.372093,0.27762831992328385,0.625
0.46492985971943884,0.372093,0.276887806156718,0.625
0.4669338677354709,0.372093,0.2761472923901521,0.625
0.468937875751503,0.372093,0.27540677862358626,0.625
0.47094188376753504,0.372093,0.2746662648570204,0.625
0.4729458917835671,0.372093,0.27392575109045453,0.625
0.4749498997995992,0.372093,0.27318523732388866,0.625
0.47695390781563124,0.372093,0.272727,0.6220322774907229
0.4789579158316633,0.372093,0.272727,0.614246862056747
0.48096192384769537,0.372093,0.272727,0.606461446622771
0.48296593186372744,0.372093,0.272727,0.5986760311887951
0.4849699398797595,0.372093,0.272727,0.5908906157548193
0.48697394789579157,0.372093,0.272727,0.5831052003208433
0.4889779559118236,0.372093,0.272727,0.5753197848868676
0.49098196392785565,0.372093,0.272727,0.5675343694528917
0.4929859719438877,0.372093,0.272727,0.5597489540189159
0.4949899799599198,0.372093,0.272727,0.55196353858494
0.49699398797595185,0.372093,0.272727,0.544178123150964
0.4989979959919839,0.372093,0.272727,0.5363927077169881
0.501002004008016,0.372093,0.272727,0.5286072922830123
0.503006012024048,0.372093,0.272727,0.5208218768490364
0.5050100200400801,0.372093,0.272727,0.5130364614150604
0.5070140280561122,0.372093,0.272727,0.5052510459810846
0.5090180360721442,0.372093,0.272727,0.4974656305471087
0.5110220440881763,0.372093,0.272727,0.48968021511313276
0.5130260521042084,0.372093,0.272727,0.4818947996791569
0.5150300601202404,0.372093,0.272727,0.474109384245181
0.5170340681362725,0.372093,0.272727,0.4663239688112051
0.5190380761523046,0.372093,0.272727,0.45853855337722915
0.5210420841683366,0.372093,0.272727,0.4507531379432533
0.5230460921843687,0.372093,0.272727,0.4429677225092774
0.5250501002004008,0.372093,0.272727,0.4378422272138305
0.5270541082164328,0.372093,0.272727,0.43435525579098727
0.5290581162324649,0.372093,0.272727,0.4308682843681441
0.531062124248497,0.372093,0.272727,0.42738131294530096
0.533066132264529,0.372093,0.272727,0.42389434152245775
0.5350701402805611,0.372093,0.272727,0.4204073700996146
0.5370741482965932,0.372093,0.272727,0.41692039867677144
0.5390781563126252,0.372093,0.272727,0.4134334272539283
0.5410821643286573,0.372093,0.272727,0.4099464558310851
0.5430861723446894,0.372093,0.272727,0.4064594844082419
0.5450901803607214,0.372093,0.272727,0.4029725129853987
0.5470941883767535,0.372093,0.272727,0.39948554156255556
0.5490981963927856,0.372093,0.272727,0.3959985701397124
0.5511022044088176,0.372093,0.272727,0.39251159871686925
0.5531062124248497,0.372093,0.272727,0.38902462729402604
0.5551102204408818,0.372093,0.272727,0.3855376558711829
0.5571142284569138,0.372093,0.272727,0.3820506844483397
0.5591182364729459,0.372093,0.272727,0.3785637130254965
0.561122244488978,0.372093,0.272727,0.37507674160265336
0.56312625250501,0.372093,0.272727,0.3715897701798102
0.565130260521042,0.372093,0.272727,0.3681027987569672
0.567134268537074,0.372093,0.272727,0.364615827334124
0.5691382765531061,0.372093,0.272727,0.36112885591128085
0.5711422845691382,0.372093,0.272727,0.3576418844884377
0.5731462925851702,0.372093,0.27190739210014564,0.357143
0.5751503006012023,0.372093,0.27095094424991023,0.357143
0.5771543086172344,0.372093,0.26999449639967477,0.357143
0.5791583166332664,0.372093,0.26903804854943936,0.357143
0.5811623246492985,0.372093,0.26808160069920395,0.357143
0.5831663326653306,0.372093,0.2671251528489685,0.357143
0.5851703406813626,0.372093,0.2661687049987331,0.357143
0.5871743486973947,0.372093,0.26521225714849767,0.357143
0.5891783567134268,0.372093,0.26425580929826226,0.357143
0.5911823647294588,0.372093,0.2632993614480268,0.357143
0.5931863727454909,0.372093,0.2623429135977914,0.357143
0.595190380761523,0.372093,0.261386465747556,0.357143
0.597194388777555,0.372093,0.26043001789732056,0.357143
0.5991983967935871,0.372093,0.2594735700470851,0.357143
0.6012024048096192,0.372093,0.2585171221968497,0.357143
0.6032064128256512,0.372093,0.2575606743466143,0.357143
0.6052104208416833,0.372093,0.2566042264963788,0.357143
0.6072144288577154,0.372093,0.2556477786461434,0.357143
0.6092184368737474,0.372093,0.254691330795908,0.357143
0.6112224448897795,0.372093,0.2537348829456726,0.357143
0.6132264529058116,0.372093,0.2527784350954371,0.357143
0.6152304609218436,0.372093,0.2518219872452017,0.357143
0.6172344689378757,0.372093,0.2508655393949663,0.357143
0.6192384769539078,0.372093,0.25,0.357143
0.6212424849699398,0.372093,0.25,0.357143
0.6232464929859719,0.372093,0.25,0.357143
0.625250501002004,0.372093,0.25,0.357143
0.627254509018036,0.372093,0.25,0.357143
0.6292585170340681,0.372093,0.25,0.357143
0.6312625250501002,0.372093,0.25,0.357143
0.6332665330661322,0.372093,0.25,0.357143
0.6352705410821643,0.372093,0.25,0.357143
0.6372745490981964,0.372093,0.25,0.357143
0.6392785571142284,0.372093,0.25,0.357143
0.6412825651302605,0.372093,0.25,0.357143
0.6432865731462926,0.372093,0.25,0.357143
0.6452905811623246,0.372093,0.25,0.357143
0.6472945891783567,0.372093,0.25,0.357143
0.6492985971943888,0.372093,0.25,0.357143
0.6513026052104208,0.372093,0.25,0.357143
0.6533066132264529,0.372093,0.25,0.357143
0.655310621242485,0.372093,0.25,0.357143
0.657314629258517,0.372093,0.25,0.357143
0.6593186372745491,0.372093,0.25,0.357143
0.6613226452905812,0.372093,0.25,0.357143
0.6633266533066132,0.372093,0.25,0.357143
0.6653306613226453,0.372093,0.25,0.357143
0.6673346693386772,0.372093,0.24994254165459376,0.357143
0.6693386773547093,0.372093,0.249770080560289,0.357143
0.6713426853707414,0.372093,0.24959761946598422,0.357143
0.6733466933867734,0.372093,0.24942515837167942,0.357143
0.6753507014028055,0.372093,0.24925269727737465,0.357143
0.6773547094188376,0.372093,0.24908023618306985,0.357143
0.6793587174348696,0.372093,0.24890777508876508,0.357143
0.6813627254509017,0.372093,0.2487353139944603,0.357143
0.6833667334669338,0.372093,0.2485628529001555,0.357143
0.6853707414829658,0.372093,0.24839039180585074,0.357143
0.6873747494989979,0.372093,0.24821793071154596,0.357143
0.68937875751503,0.372093,0.24804546961724117,0.357143
0.691382765531062,0.372093,0.2478730085229364,0.357143
0.6933867735470941,0.372093,0.2477005474286316,0.357143
0.6953907815631262,0.372093,0.24752808633432682,0.357143
0.6973947895791582,0.372093,0.24735562524002205,0.357143
0.6993987975951903,0.372093,0.24718316414571725,0.357143
0.7014028056112224,0.372093,0.24701070305141248,0.357143
0.7034068136272544,0.372093,0.2468382419571077,0.357143
0.7054108216432865,0.372093,0.2466657808628029,0.357143
0.7074148296593186,0.372093,0.24649331976849814,0.357143
0.7094188376753506,0.372093,0.24632085867419334,0.357143
0.7114228456913827,0.372093,0.24614839757988857,0.357143
0.7134268537074148,0.372093,0.2459759364855838,0.357143
0.7154308617234468,0.372093,0.2453678321726298,0.3569189995657751
0.7174348697394789,0.372093,0.2444328051854986,0.35652690097728373
0.719438877755511,0.372093,0.2434977781983674,0.35613480238879236
0.721442885771543,0.372093,0.24256275121123622,0.355742703800301
0.7234468937875751,0.372093,0.241627724224105,0.3553506052118096
0.7254509018036072,0.372093,0.2406926972369738,0.35495850662331824
0.7274549098196392,0.372093,0.23975767024984262,0.35456640803482686
0.7294589178356713,0.372093,0.23882264326271144,0.3541743094463355
0.7314629258517034,0.372093,0.23788761627558022,0.3537822108578441
0.7334669338677354,0.372093,0.23695258928844903,0.35339011226935274
0.7354709418837675,0.372093,0.23601756230131785,0.35299801368086137
0.7374749498997996,0.372093,0.23508253531418666,0.35260591509237
0.7394789579158316,0.372093,0.23414750832705544,0.3522138165038786
0.7414829659318637,0.372093,0.23321248133992425,0.3518217179153873
0.7434869739478958,0.372093,0.23227745435279307,0.3514296193268959
0.7454909819639278,0.372093,0.23134242736566185,0.35103752073840455
0.7474949899799599,0.372093,0.23040740037853066,0.3506454221499132
0.749498997995992,0.372093,0.22947237339139948,0.3502533235614218
0.751503006012024,0.372093,0.22853734640426826,0.34986122497293043
0.7535070140280561,0.372093,0.22760231941713707,0.34946912638443905
0.7555110220440882,0.372093,0.22666729243000588,0.3490770277959477
0.7575150300601202,0.372093,0.2257322654428747,0.3486849292074563
0.7595190380761523,0.372093,0.22479723845574348,0.34829283061896493
0.7615230460921844,0.372093,0.2238622114686123,0.34790073203047356
0.7635270541082164,0.3720068883053913,0.223684,0.34690387591584193
0.7655310621242485,0.3719004994214473,0.223684,0.34576461425553817
0.7675350701402806,0.37179411053750333,0.223684,0.3446253525952344
0.7695390781563125,0.37168772165355934,0.223684,0.3434860909349307
0.7715430861723446,0.37158133276961536,0.223684,0.342346829274627
0.7735470941883766,0.37147494388567137,0.223684,0.34120756761432325
0.7755511022044087,0.37136855500172733,0.223684,0.3400683059540195
0.7775551102204408,0.37126216611778334,0.223684,0.33892904429371573
0.7795591182364728,0.37115577723383936,0.223684,0.337789782633412
0.7815631262525049,0.37104938834989537,0.223684,0.33665052097310827
0.783567134268537,0.3709429994659514,0.223684,0.3355112593128045
0.785571142284569,0.3708366105820074,0.223684,0.33437199765250075
0.7875751503006011,0.37073022169806336,0.223684,0.333232735992197
0.7895791583166332,0.37062383281411937,0.223684,0.3320934743318933
0.7915831663326652,0.3705174439301754,0.223684,0.33095421267158953
0.7935871743486973,0.3704110550462314,0.223684,0.3298149510112858
0.7955911823647294,0.3703046661622874,0.223684,0.328675689350982
0.7975951903807614,0.3701982772783434,0.223684,0.32753642769067826
0.7995991983967935,0.3700918883943994,0.223684,0.32639716603037455
0.8016032064128256,0.3699854995104554,0.223684,0.3252579043700708
0.8036072144288576,0.3698791106265114,0.223684,0.32411864270976704
0.8056112224448897,0.3697727217425674,0.223684,0.3229793810494633
0.8076152304609218,0.36966633285862344,0.223684,0.3218401193891595
0.8096192384769538,0.36934015487397676,0.22366016188061882,0.3206134892913151
0.8116232464929859,0.36460896377004015,0.2231585601766123,0.3176358209829855
0.813627254509018,0.35987777266610355,0.22265695847260578,0.31465815267465586
0.81563126252505,0.35514658156216694,0.22215535676859927,0.31168048436632617
0.8176352705410821,0.35041539045823034,0.22165375506459276,0.30870281605799654
0.8196392785571142,0.34568419935429373,0.22115215336058625,0.3057251477496669
0.8216432865731462,0.3409530082503571,0.22065055165657974,0.3027474794413373
0.8236472945891783,0.3362218171464205,0.22014894995257323,0.29976981113300766
0.8256513026052104,0.3314906260424839,0.21964734824856672,0.29679214282467803
0.8276553106212424,0.3267594349385473,0.21914574654456018,0.2938144745163484
0.8296593186372745,0.3220282438346107,0.21864414484055367,0.2908368062080187
0.8316633266533066,0.3172970527306741,0.21814254313654716,0.2878591378996891
0.8336673346693386,0.3125658616267375,0.21764094143254065,0.28488146959135946
0.8356713426853707,0.3078346705228009,0.21713933972853414,0.28190380128302983
0.8376753507014028,0.3031034794188643,0.21663773802452763,0.2789261329747002
0.8396793587174348,0.2983722883149277,0.21613613632052112,0.2759484646663706
0.8416833667334669,0.2936410972109911,0.2156345346165146,0.2729707963580409
0.843687374749499,0.2889099061070545,0.21513293291250807,0.26999312804971126
0.845691382765531,0.2841787150031179,0.21463133120850156,0.26701545974138163
0.8476953907815631,0.2794475238991813,0.21412972950449505,0.264037791433052
0.8496993987975952,0.2747163327952447,0.21362812780048854,0.2610601231247224
0.8517034068136272,0.2699851416913081,0.21312652609648203,0.25808245481639275
0.8537074148296593,0.2652539505873715,0.21262492439247552,0.2551047865080631
0.8557114228456913,0.2605227594834349,0.212123322688469,0.25212711819973344
0.8577154308617234,0.2565344819158046,0.211503361626548,0.24974654796848786
0.8597194388777555,0.254404137100089,0.2105873987867375,0.24885924447597393
0.8617234468937875,0.25227379228437347,0.20967143594692694,0.24797194098346004
0.8637274549098196,0.2501434474686579,0.2087554731071164,0.2470846374909461
0.8657314629258517,0.24801310265294235,0.20783951026730588,0.2461973339984322
0.8677354709418837,0.2458827578372268,0.20692354742749533,0.2453100305059183
0.8697394789579158,0.24375241302151124,0.20600758458768478,0.24442272701340437
0.8717434869739479,0.24162206820579565,0.20509162174787426,0.24353542352089044
0.8737474949899798,0.23949172339008024,0.20417565890806377,0.2426481200283766
0.8757515030060119,0.23736137857436465,0.20325969606825323,0.24176081653586268
0.877755511022044,0.2352310337586491,0.2023437332284427,0.24087351304334875
0.879759519038076,0.23310068894293354,0.20142777038863216,0.23998620955083486
0.8817635270541081,0.23097034412721798,0.2005118075488216,0.23909890605832093
0.8837675350701402,0.22883999931150242,0.1995958447090111,0.238211602565807
0.8857715430861722,0.22670965449578687,0.19867988186920055,0.2373242990732931
0.8877755511022043,0.22457930968007128,0.19776391902939,0.23643699558077919
0.8897795591182364,0.22244896486435572,0.19684795618957948,0.23554969208826526
0.8917835671342684,0.22031862004864017,0.19593199334976893,0.23466238859575136
0.8937875751503005,0.2181882752329246,0.19501603050995842,0.23377508510323744
0.8957915831663326,0.21605793041720905,0.19410006767014787,0.23288778161072354
0.8977955911823646,0.2139275856014935,0.19318410483033732,0.23200047811820962
0.8997995991983967,0.21179724078577794,0.19226814199052678,0.2311131746256957
0.9018036072144288,0.20966689597006238,0.19135217915071626,0.2302258711331818
0.9038076152304608,0.2075365511543468,0.1904362163109057,0.22933856764066787
0.9058116232464929,0.2060516874942687,0.18981965145419255,0.22856001991997185
0.907815631262525,0.2051537366965183,0.1894753184445289,0.22788035992167457
0.909819639278557,0.2042557858987679,0.1891309854348652,0.2272006999233773
0.9118236472945891,0.2033578351010175,0.18878665242520154,0.22652103992508002
0.9138276553106212,0.2024598843032671,0.18844231941553788,0.22584137992678277
0.9158316633266532,0.2015619335055167,0.1880979864058742,0.2251617199284855
0.9178356713426853,0.2006639827077663,0.18775365339621053,0.22448205993018822
0.9198396793587174,0.1997660319100159,0.18740932038654684,0.22380239993189094
0.9218436873747494,0.1988680811122655,0.18706498737688318,0.22312273993359366
0.9238476953907815,0.1979701303145151,0.18672065436721952,0.2224430799352964
0.9258517034068136,0.19707217951676473,0.18637632135755583,0.22176341993699913
0.9278557114228456,0.19617422871901433,0.18603198834789217,0.22108375993870186
0.9298597194388777,0.19527627792126392,0.1856876553382285,0.22040409994040458
0.9318637274549098,0.19437832712351352,0.18534332232856482,0.2197244399421073
0.9338677354709418,0.19348037632576312,0.18499898931890116,0.21904477994381003
0.9358717434869739,0.19258242552801272,0.1846546563092375,0.21836511994551278
0.937875751503006,0.19168447473026234,0.1843103232995738,0.2176854599472155
0.939879759519038,0.19078652393251194,0.18396599028991015,0.21700579994891822
0.9418837675350701,0.18988857313476154,0.1836216572802465,0.21632613995062094
0.9438877755511021,0.18899062233701114,0.1832773242705828,0.21564647995232367
0.9458917835671342,0.18809267153926074,0.18293299126091914,0.2149668199540264
0.9478957915831663,0.18719472074151033,0.18258865825125548,0.21428715995572914
0.9498997995991983,0.18629676994375996,0.1822443252415918,0.21360749995743186
0.9519038076152304,0.18539881914600956,0.18189999223192813,0.21292783995913458
0.9539078156312625,0.18490560162097436,0.18164655828177073,0.21160226759619752
0.9559118236472945,0.1845388798113668,0.18142153400865024,0.21007482117897155
0.9579158316633266,0.1841721580017592,0.18119650973552978,0.20854737476174556
0.9599198396793587,0.18380543619215162,0.18097148546240932,0.2070199283445196
0.9619238476953907,0.18343871438254405,0.18074646118928886,0.2054924819272936
0.9639278557114228,0.18307199257293646,0.1805214369161684,0.20396503551006762
0.9659318637274549,0.18270527076332888,0.1802964126430479,0.20243758909284165
0.9679358717434869,0.18233854895372129,0.18007138836992745,0.20091014267561566
0.969939879759519,0.18197182714411372,0.179846364096807,0.1993826962583897
0.9719438877755511,0.18160510533450613,0.17962133982368653,0.1978552498411637
0.9739478957915831,0.18123838352489854,0.17939631555056607,0.19632780342393774
0.9759519038076151,0.18087166171529098,0.1791712912774456,0.19480035700671183
0.9779559118236472,0.18050493990568342,0.17894626700432514,0.19327291058948584
0.9799599198396792,0.18013821809607583,0.17872124273120465,0.19174546417225988
0.9819639278557113,0.17977149628646824,0.1784962184580842,0.19021801775503389
0.9839679358717434,0.17940477447686065,0.17827119418496373,0.18869057133780792
0.9859719438877754,0.1790380526672531,0.17804616991184327,0.18716312492058193
0.9879759519038075,0.1786713308576455,0.1778211456387228,0.18563567850335597
0.9899799599198396,0.1783046090480379,0.17759612136560232,0.18410823208612997
0.9919839679358716,0.17793788723843035,0.17737109709248186,0.18258078566890398
0.9939879759519037,0.17757116542882276,0.1771460728193614,0.18105333925167802
0.9959919839679358,0.17720444361921517,0.17692104854624094,0.17952589283445203
0.9979959919839678,0.17683772180960758,0.17669602427312048,0.17799844641722606
1.0,0.176471,0.176471,0.176471
