VGG16_FPR(X),VGG16_TPR(Y),EffNetB0_FPR(X),EffNetB0_TPR(Y),SwinT_FPR(X),SwinT_TPR(Y)
0.0,0.078947,0.0,0.052632,0.0,0.236842
0.002004008016032064,0.0904441604425332,0.002004008016032064,0.0756258839964647,0.002004008016032064,0.27133304443899786
0.004008016032064128,0.1019413208850664,0.004008016032064128,0.09861976799292939,0.004008016032064128,0.3058240888779958
0.0060120240480961915,0.11071307108145004,0.0060120240480961915,0.1216139626551992,0.0060120240480961915,0.3239644813275996
0.008016032064128256,0.11837749341155879,0.008016032064128256,0.14460828354026561,0.008016032064128256,0.3354616417701328
0.01002004008016032,0.12604191574166754,0.01002004008016032,0.16760241998232348,0.01002004008016032,0.34453163659395086
0.012024048096192383,0.1337063380717763,0.012024048096192383,0.19059630397878816,0.012024048096192383,0.3502795902669644
0.014028056112224447,0.14137076040188504,0.014028056112224447,0.2110366705892529,0.014028056112224447,0.35602754393997804
0.01603206412825651,0.1490351827319938,0.01603206412825651,0.2148687789274232,0.01603206412825651,0.36177549761299166
0.018036072144288574,0.15669960506210254,0.018036072144288574,0.21870088726559353,0.018036072144288574,0.3675234512860052
0.02004008016032064,0.1643640273922113,0.02004008016032064,0.22253299560376383,0.02004008016032064,0.368421
0.022044088176352703,0.17202844972232004,0.022044088176352703,0.22636510394193415,0.022044088176352703,0.368421
0.024048096192384766,0.1796928720524288,0.024048096192384766,0.23019721228010445,0.024048096192384766,0.368421
0.026052104208416832,0.18735729438253754,0.026052104208416832,0.23402932061827475,0.026052104208416832,0.368421
0.028056112224448895,0.1950217167126463,0.028056112224448895,0.238371254556202,0.028056112224448895,0.368421
0.03006012024048096,0.20268613904275504,0.03006012024048096,0.2441198347774686,0.03006012024048096,0.368421
0.03206412825651302,0.2103505613728638,0.03206412825651302,0.2498684149987352,0.03206412825651302,0.368421
0.03406813627254509,0.21801478275661917,0.03406813627254509,0.2556169952200018,0.03406813627254509,0.368421
0.03607214428857715,0.22567899943295977,0.03607214428857715,0.26136557544126837,0.03607214428857715,0.368421
0.038076152304609215,0.2333432161093004,0.038076152304609215,0.263158,0.038076152304609215,0.37633280495068283
0.04008016032064128,0.24100743278564102,0.04008016032064128,0.263158,0.04008016032064128,0.38782922959461896
0.04208416833667334,0.24867164946198161,0.04208416833667334,0.263158,0.04208416833667334,0.399325654238555
0.044088176352705406,0.25633586613832227,0.044088176352705406,0.263158,0.044088176352705406,0.4108220788824911
0.04609218436873747,0.26568438402245953,0.04609218436873747,0.2640001360077906,0.04609218436873747,0.4223185035264272
0.04809619238476953,0.28867826801892416,0.04809619238476953,0.2716648368213791,0.04809619238476953,0.43381492817036327
0.0501002004008016,0.3116721520153889,0.0501002004008016,0.2793295376349676,0.0501002004008016,0.44531135281429934
0.052104208416833664,0.315789,0.052104208416833664,0.28699423844855615,0.052104208416833664,0.4568077774582354
0.05410821643286573,0.315789,0.05410821643286573,0.29465893926214465,0.05410821643286573,0.4683042021021715
0.05611222444889779,0.315789,0.05611222444889779,0.30232364007573315,0.05611222444889779,0.479801018224808
0.058116232464929855,0.315789,0.058116232464929855,0.3099883408893217,0.058116232464929855,0.4912981786673412
0.06012024048096192,0.315789,0.06012024048096192,0.3176530417029102,0.06012024048096192,0.5027953391098744
0.06212424849699398,0.315789,0.06212424849699398,0.3253177425164987,0.06212424849699398,0.5142924995524076
0.06412825651302605,0.315789,0.06412825651302605,0.3329824433300872,0.06412825651302605,0.5257896599949409
0.06613226452905811,0.315789,0.06613226452905811,0.34064714414367575,0.06613226452905811,0.5372868204374741
0.06813627254509018,0.315789,0.06813627254509018,0.3483118449572643,0.06813627254509018,0.5487839808800072
0.07014028056112225,0.3387364239676214,0.07014028056112225,0.3559765457708528,0.07014028056112225,0.5641043161263126
0.0721442885771543,0.37322790529522076,0.0721442885771543,0.3636412465844413,0.0721442885771543,0.5813479587248611
0.07414829659318636,0.39690057207455404,0.07414829659318636,0.3695028065914378,0.07414829659318636,0.5985916013234097
0.07615230460921843,0.4026487297884231,0.07615230460921843,0.3723769400564713,0.07615230460921843,0.6158352439219583
0.0781563126252505,0.40839688750229214,0.0781563126252505,0.37525107352150483,0.0781563126252505,0.6320790230048062
0.08016032064128256,0.41414504521616124,0.08016032064128256,0.37812520698653834,0.08016032064128256,0.6378276032260728
0.08216432865731463,0.4198932029300303,0.08216432865731463,0.38099934045157186,0.08216432865731463,0.6435761834473395
0.08416833667334668,0.42564136064389935,0.08416833667334668,0.3838734739166053,0.08416833667334668,0.649324763668606
0.08617234468937875,0.4313895183577684,0.08617234468937875,0.3867476073816388,0.08617234468937875,0.6550733438898726
0.08817635270541081,0.43713767607163745,0.08817635270541081,0.38962174084667234,0.08817635270541081,0.6608219241111392
0.09018036072144288,0.44288583378550656,0.09018036072144288,0.39249587431170585,0.09018036072144288,0.6665705043324058
0.09218436873747494,0.45749667642937913,0.09218436873747494,0.39537000777673936,0.09218436873747494,0.6723190845536724
0.09418837675350701,0.503485318199512,0.09418837675350701,0.3982441412417729,0.09418837675350701,0.6780676647749391
0.09619238476953906,0.5494739599696447,0.09619238476953906,0.4011182747068064,0.09619238476953906,0.6838162449962056
0.09819639278557113,0.5534556064956032,0.09819639278557113,0.4039924081718399,0.09819639278557113,0.684211
0.1002004008016032,0.5543399401857058,0.1002004008016032,0.4068665416368734,0.1002004008016032,0.684211
0.10220440881763526,0.5552242738758082,0.10220440881763526,0.4097406751019069,0.10220440881763526,0.684211
0.10420841683366733,0.5561086075659107,0.10420841683366733,0.41261480856694044,0.10420841683366733,0.684211
0.1062124248496994,0.5569929412560133,0.1062124248496994,0.41548894203197395,0.1062124248496994,0.6923279560201719
0.10821643286573146,0.5578772749461158,0.10821643286573146,0.4183630754970074,0.10821643286573146,0.7153218400166367
0.11022044088176351,0.5587616086362184,0.11022044088176351,0.42123721200150466,0.11022044088176351,0.7369893687759195
0.11222444889779558,0.5596459423263208,0.11222444889779558,0.4241113928899875,0.11222444889779558,0.7392887006101495
0.11422845691382764,0.5605302760164234,0.11422845691382764,0.4269855737784704,0.11422845691382764,0.7415880324443795
0.11623246492985971,0.5614146097065259,0.11623246492985971,0.42985975466695325,0.11623246492985971,0.7438873642786096
0.11823647294589178,0.5622989433966284,0.11823647294589178,0.43273393555543616,0.11823647294589178,0.7461866961128396
0.12024048096192384,0.563183277086731,0.12024048096192384,0.435608116443919,0.12024048096192384,0.7484860279470695
0.1222444889779559,0.5640676107768334,0.1222444889779559,0.43848229733240185,0.1222444889779559,0.7507853597812996
0.12424849699398796,0.564951944466936,0.12424849699398796,0.44135647822088475,0.12424849699398796,0.7530846916155296
0.12625250501002003,0.5658362781570385,0.12625250501002003,0.4442306591093676,0.12625250501002003,0.7553840234497596
0.1282565130260521,0.5667206118471411,0.1282565130260521,0.4471048399978505,0.1282565130260521,0.7576833552839897
0.13026052104208416,0.5676049455372435,0.13026052104208416,0.4485284416069635,0.13026052104208416,0.7599826871182197
0.13226452905811623,0.568489279227346,0.13226452905811623,0.44980584199329987,0.13226452905811623,0.7622820189524497
0.1342685370741483,0.5693736129174486,0.1342685370741483,0.4510832423796363,0.1342685370741483,0.7639487657601803
0.13627254509018036,0.5702579466075511,0.13627254509018036,0.45236064276597276,0.13627254509018036,0.7652261970882954
0.13827655310621242,0.5711422802976537,0.13827655310621242,0.4536380431523092,0.13827655310621242,0.7665036284164104
0.1402805611222445,0.5720266139877561,0.1402805611222445,0.45491544353864566,0.1402805611222445,0.7677810597445254
0.14228456913827653,0.5729109476778587,0.14228456913827653,0.45619284392498205,0.14228456913827653,0.7690584910726403
0.1442885771543086,0.5737952813679612,0.1442885771543086,0.4574702443113185,0.1442885771543086,0.7703359224007553
0.14629258517034066,0.5746796150580638,0.14629258517034066,0.45874764469765494,0.14629258517034066,0.7716133537288704
0.14829659318637273,0.5755639487481663,0.14829659318637273,0.4600250450839914,0.14829659318637273,0.7728907850569854
0.1503006012024048,0.5764482824382687,0.1503006012024048,0.46130244547032784,0.1503006012024048,0.7741682163851004
0.15230460921843686,0.5773326161283713,0.15230460921843686,0.4625798458566643,0.15230460921843686,0.7754456477132154
0.15430861723446893,0.5782169498184738,0.15430861723446893,0.46385724624300073,0.15430861723446893,0.7767230790413304
0.156312625250501,0.5796155611170022,0.156312625250501,0.4651346466293371,0.156312625250501,0.7780005103694454
0.15831663326653306,0.5834476694551725,0.15831663326653306,0.46641204701567357,0.15831663326653306,0.7792779416975604
0.16032064128256512,0.5872797777933428,0.16032064128256512,0.46768944740201,0.16032064128256512,0.7805553730256755
0.1623246492985972,0.5911118861315131,0.1623246492985972,0.46896684778834646,0.1623246492985972,0.7818328043537904
0.16432865731462926,0.5949439944696835,0.16432865731462926,0.4702442481746829,0.16432865731462926,0.7831102356819054
0.16633266533066132,0.5987761028078538,0.16633266533066132,0.47152164856101936,0.16633266533066132,0.7843876670100205
0.16833667334669336,0.602608211146024,0.16833667334669336,0.47279904894735575,0.16833667334669336,0.7856650983381355
0.17034068136272543,0.605263,0.17034068136272543,0.4743904122227713,0.17034068136272543,0.7869425296662504
0.1723446893787575,0.605263,0.1723446893787575,0.4766897440570013,0.1723446893787575,0.7882199609943654
0.17434869739478956,0.605263,0.17434869739478956,0.47898907589123135,0.17434869739478956,0.7895792640008598
0.17635270541082163,0.605263,0.17635270541082163,0.4812884077254614,0.17635270541082163,0.7953276257778255
0.1783567134268537,0.605263,0.1783567134268537,0.4835877395596914,0.1783567134268537,0.8010759875547913
0.18036072144288576,0.605263,0.18036072144288576,0.4858870713939214,0.18036072144288576,0.806824349331757
0.18236472945891782,0.605263,0.18236472945891782,0.48818640322815143,0.18236472945891782,0.8125727111087228
0.1843687374749499,0.605263,0.1843687374749499,0.49048573506238147,0.1843687374749499,0.815789
0.18637274549098196,0.605263,0.18637274549098196,0.4927850668966115,0.18637274549098196,0.815789
0.18837675350701402,0.605263,0.18837675350701402,0.49508439873084154,0.18837675350701402,0.815789
0.1903807615230461,0.605263,0.1903807615230461,0.49738373056507157,0.1903807615230461,0.815789
0.19238476953907813,0.605263,0.19238476953907813,0.49968306239930155,0.19238476953907813,0.815789
0.1943887775551102,0.6069150672240491,0.1943887775551102,0.5099124033442947,0.1943887775551102,0.815789
0.19639278557114226,0.608831260631138,0.19639278557114226,0.5214095637868279,0.19639278557114226,0.815789
0.19839679358717432,0.6107474540382268,0.19839679358717432,0.526316,0.19839679358717432,0.8166128180788642
0.2004008016032064,0.6126636474453158,0.2004008016032064,0.526316,0.2004008016032064,0.8180499239717137
0.20240480961923846,0.6145798408524046,0.20240480961923846,0.526316,0.20240480961923846,0.8194870298645632
0.20440881763527052,0.6164960342594935,0.20440881763527052,0.526316,0.20440881763527052,0.8209241357574129
0.2064128256513026,0.6184122276665823,0.2064128256513026,0.526316,0.2064128256513026,0.8223612416502624
0.20841683366733466,0.6203284210736713,0.20841683366733466,0.5348988183298855,0.20841683366733466,0.8237983475431119
0.21042084168336672,0.6222446144807601,0.21042084168336672,0.5435211095087881,0.21042084168336672,0.8252354534359615
0.2124248496993988,0.6241608078878489,0.2124248496993988,0.5521434006876906,0.2124248496993988,0.826672559328811
0.21442885771543085,0.6260770012949378,0.21442885771543085,0.5607656918665933,0.21442885771543085,0.8281096652216605
0.21643286573146292,0.6279931947020266,0.21643286573146292,0.5693879830454959,0.21643286573146292,0.8295467711145101
0.21843687374749496,0.6299093881091156,0.21843687374749496,0.5780102742243983,0.21843687374749496,0.8309838770073597
0.22044088176352702,0.6319077594278298,0.22044088176352702,0.5866325654033009,0.22044088176352702,0.8324209829002092
0.2224448897795591,0.6344625602005027,0.2224448897795591,0.5952548565822035,0.2224448897795591,0.8338580887930588
0.22444889779559116,0.6370173609731756,0.22444889779559116,0.603877147761106,0.22444889779559116,0.8352951946859083
0.22645290581162322,0.6395721617458485,0.22645290581162322,0.6084794111139217,0.22645290581162322,0.8367323005787578
0.2284569138276553,0.6421269625185213,0.2284569138276553,0.6123117979280994,0.2284569138276553,0.8381694064716074
0.23046092184368736,0.6446817632911942,0.23046092184368736,0.6161441847422772,0.23046092184368736,0.8396065123644569
0.23246492985971942,0.6472365640638671,0.23246492985971942,0.6199765715564549,0.23246492985971942,0.8410436182573064
0.2344689378757515,0.64979136483654,0.2344689378757515,0.6238089583706327,0.2344689378757515,0.8481167502237962
0.23647294589178355,0.6523461656092129,0.23647294589178355,0.6276413451848104,0.23647294589178355,0.8711110711088625
0.23847695390781562,0.6549009663818858,0.23847695390781562,0.6314737319989882,0.23847695390781562,0.8941053919939289
0.24048096192384769,0.6574557671545587,0.24048096192384769,0.6338151737874074,0.24048096192384769,0.8951670377474551
0.24248496993987975,0.6600105679272315,0.24248496993987975,0.6361145056216374,0.24248496993987975,0.8956092213953505
0.2444889779559118,0.6625653686999043,0.2444889779559118,0.6384138374558674,0.2444889779559118,0.896051405043246
0.24649298597194386,0.6651201694725772,0.24649298597194386,0.6407131692900975,0.24649298597194386,0.8964935886911415
0.24849699398797592,0.6676749702452501,0.24849699398797592,0.6430125011243275,0.24849699398797592,0.8969357723390369
0.250501002004008,0.670229771017923,0.250501002004008,0.6453118329585575,0.250501002004008,0.8973779559869324
0.25250501002004005,0.6727845717905958,0.25250501002004005,0.6476111647927876,0.25250501002004005,0.8978201396348279
0.2545090180360721,0.6753393725632687,0.2545090180360721,0.6499104966270175,0.2545090180360721,0.8982623232827233
0.2565130260521042,0.6778941733359416,0.2565130260521042,0.6522098284612475,0.2565130260521042,0.8987045069306188
0.25851703406813625,0.6804489741086145,0.25851703406813625,0.6545091602954776,0.25851703406813625,0.8991466905785142
0.2605210420841683,0.6830037748812874,0.2605210420841683,0.6568084921297076,0.2605210420841683,0.8995888742264097
0.2625250501002004,0.6844746513628561,0.2625250501002004,0.6582517147602892,0.2625250501002004,0.9000310578743052
0.26452905811623245,0.6849744946952595,0.26452905811623245,0.6589279922980531,0.26452905811623245,0.9004732415222005
0.2665330661322645,0.6854743380276629,0.2665330661322645,0.6596042698358169,0.2665330661322645,0.900915425170096
0.2685370741482966,0.6859741813600663,0.2685370741482966,0.6602805473735808,0.2685370741482966,0.9013576088179915
0.27054108216432865,0.6864740246924695,0.27054108216432865,0.6609568249113446,0.27054108216432865,0.9017997924658869
0.2725450901803607,0.6869738680248729,0.2725450901803607,0.6616331024491084,0.2725450901803607,0.9022419761137824
0.2745490981963928,0.6874737113572763,0.2745490981963928,0.6623093799868722,0.2745490981963928,0.9026841597616779
0.27655310621242485,0.6879735546896797,0.27655310621242485,0.6629856575246361,0.27655310621242485,0.9031263434095733
0.2785571142284569,0.688473398022083,0.2785571142284569,0.6636619350624,0.2785571142284569,0.9035685270574688
0.280561122244489,0.6889732413544863,0.280561122244489,0.6643382126001638,0.280561122244489,0.9040107107053642
0.282565130260521,0.6894730846868897,0.282565130260521,0.6650144901379276,0.282565130260521,0.9044528943532597
0.28456913827655306,0.6899729280192931,0.28456913827655306,0.6656907676756915,0.28456913827655306,0.9048950780011552
0.2865731462925851,0.6904727713516964,0.2865731462925851,0.6663670452134554,0.2865731462925851,0.9053372616490506
0.2885771543086172,0.6909726146840998,0.2885771543086172,0.6670433227512191,0.2885771543086172,0.9057794452969461
0.29058116232464926,0.6914724580165031,0.29058116232464926,0.667719600288983,0.29058116232464926,0.9062216289448415
0.2925851703406813,0.6919723013489065,0.2925851703406813,0.6683958778267468,0.2925851703406813,0.906663812592737
0.2945891783567134,0.6924721446813098,0.2945891783567134,0.6690721553645107,0.2945891783567134,0.9071059962406325
0.29659318637274545,0.6929719880137132,0.29659318637274545,0.6697484329022745,0.29659318637274545,0.9075481798885279
0.2985971943887775,0.6934718313461166,0.2985971943887775,0.6704247104400384,0.2985971943887775,0.9079903635364234
0.3006012024048096,0.69397167467852,0.3006012024048096,0.6711009879778022,0.3006012024048096,0.9084325471843189
0.30260521042084165,0.6944715180109232,0.30260521042084165,0.671777265515566,0.30260521042084165,0.9088747308322143
0.3046092184368737,0.6949713613433266,0.3046092184368737,0.6724535430533298,0.3046092184368737,0.9093169144801098
0.3066132264529058,0.69547120467573,0.3066132264529058,0.6731298205910937,0.3066132264529058,0.9097590981280053
0.30861723446893785,0.6959710480081334,0.30861723446893785,0.6738060981288576,0.30861723446893785,0.9102012817759007
0.3106212424849699,0.6964708913405367,0.3106212424849699,0.6744823756666214,0.3106212424849699,0.9106434654237962
0.312625250501002,0.69697073467294,0.312625250501002,0.6751586532043853,0.312625250501002,0.9110856490716915
0.31462925851703405,0.6974705780053434,0.31462925851703405,0.6758349307421491,0.31462925851703405,0.911527832719587
0.3166332665330661,0.6979704213377468,0.3166332665330661,0.676511208279913,0.3166332665330661,0.9119700163674825
0.3186372745490982,0.6984702646701502,0.3186372745490982,0.6771874858176767,0.3186372745490982,0.9124122000153779
0.32064128256513025,0.6989701080025534,0.32064128256513025,0.6778637633554406,0.32064128256513025,0.9128543836632734
0.3226452905811623,0.6994699513349568,0.3226452905811623,0.6785400408932044,0.3226452905811623,0.9132965673111689
0.3246492985971944,0.6999697946673602,0.3246492985971944,0.6792163184309683,0.3246492985971944,0.9137387509590643
0.32665330661322645,0.7004696379997636,0.32665330661322645,0.6798925959687321,0.32665330661322645,0.9141809346069598
0.3286573146292585,0.7009694813321669,0.3286573146292585,0.680568873506496,0.3286573146292585,0.9146231182548553
0.3306613226452906,0.7014693246645702,0.3306613226452906,0.6812451510442599,0.3306613226452906,0.9150653019027507
0.33266533066132264,0.7019691679969736,0.33266533066132264,0.6819214285820236,0.33266533066132264,0.9155074855506462
0.33466933867735466,0.702469011329377,0.33466933867735466,0.6825977061197874,0.33466933867735466,0.9159496691985416
0.3366733466933867,0.7029688546617803,0.3366733466933867,0.6832739836575513,0.3366733466933867,0.9163918528464371
0.3386773547094188,0.7034686979941837,0.3386773547094188,0.6839502611953152,0.3386773547094188,0.9168340364943326
0.34068136272545085,0.703968541326587,0.34068136272545085,0.6870367184043255,0.34068136272545085,0.917276220142228
0.3426853707414829,0.7044683846589904,0.3426853707414829,0.6916354952036184,0.3426853707414829,0.9177184037901235
0.344689378757515,0.7049682279913938,0.344689378757515,0.6962342720029113,0.344689378757515,0.918160587438019
0.34669338677354705,0.7054680713237971,0.34669338677354705,0.7008330488022043,0.34669338677354705,0.9186027710859144
0.3486973947895791,0.7059679146562005,0.3486973947895791,0.7054318256014972,0.3486973947895791,0.9190449547338099
0.3507014028056112,0.7064677579886038,0.3507014028056112,0.7100306024007902,0.3507014028056112,0.9194871383817053
0.35270541082164325,0.7069676013210072,0.35270541082164325,0.7146293792000831,0.35270541082164325,0.9199293220296008
0.3547094188376753,0.7074674446534105,0.3547094188376753,0.7192281559993761,0.3547094188376753,0.9203715056774963
0.3567134268537074,0.7079672879858139,0.3567134268537074,0.7238269327986689,0.3567134268537074,0.9208136893253916
0.35871743486973945,0.7084671313182173,0.35871743486973945,0.7284257095979619,0.35871743486973945,0.9216390464720163
0.3607214428857715,0.7089669746506206,0.3607214428857715,0.7330244863972548,0.3607214428857715,0.9229163983175264
0.3627254509018036,0.7094668179830239,0.3627254509018036,0.7370861360818536,0.3627254509018036,0.9241937501630365
0.36472945891783565,0.7099666613154273,0.36472945891783565,0.7385232028143703,0.36472945891783565,0.9254711020085465
0.3667334669338677,0.7104665046478307,0.3667334669338677,0.7399602695468871,0.3667334669338677,0.9267484538540567
0.3687374749498998,0.7125516469646652,0.3687374749498998,0.7413973362794039,0.3687374749498998,0.9280258056995667
0.37074148296593185,0.7148509787988953,0.37074148296593185,0.7428344030119206,0.37074148296593185,0.9293031575450769
0.3727454909819639,0.7171503106331253,0.3727454909819639,0.7442714697444374,0.3727454909819639,0.9305805093905869
0.374749498997996,0.7194496424673553,0.374749498997996,0.7457085364769541,0.374749498997996,0.9318578612360969
0.37675350701402804,0.7217489743015854,0.37675350701402804,0.7471456032094709,0.37675350701402804,0.9331352130816071
0.3787575150300601,0.7240483061358154,0.3787575150300601,0.7485826699419876,0.3787575150300601,0.9344125649271171
0.3807615230460922,0.7263476379700454,0.3807615230460922,0.7500197366745044,0.3807615230460922,0.9356899167726273
0.38276553106212424,0.7286469698042755,0.38276553106212424,0.7514568034070211,0.38276553106212424,0.9369672686181373
0.38476953907815625,0.7309463016385054,0.38476953907815625,0.7528938701395378,0.38476953907815625,0.9382446204636473
0.3867735470941883,0.7332456334727354,0.3867735470941883,0.7543309368720545,0.3867735470941883,0.9395219723091575
0.3887775551102204,0.7355449653069654,0.3887775551102204,0.7557680036045713,0.3887775551102204,0.9407993241546675
0.39078156312625245,0.7418537042141836,0.39078156312625245,0.7572050703370881,0.39078156312625245,0.9420766760001776
0.3927855711422845,0.7533508646567167,0.3927855711422845,0.7586421370696048,0.3927855711422845,0.9433540278456877
0.3947895791583166,0.7640029204501645,0.3947895791583166,0.7600792038021216,0.3947895791583166,0.9446313796911978
0.39679358717434865,0.7697508741231781,0.39679358717434865,0.7615162705346383,0.39679358717434865,0.9459087315367078
0.3987975951903807,0.7754988277961917,0.3987975951903807,0.7629533372671551,0.3987975951903807,0.947186083382218
0.4008016032064128,0.7812467814692053,0.4008016032064128,0.763158,0.4008016032064128,0.9475012358085602
0.40280561122244485,0.786994735142219,0.40280561122244485,0.763158,0.40280561122244485,0.9476565978068276
0.4048096192384769,0.7898826039766265,0.4048096192384769,0.763158,0.4048096192384769,0.9478119598050951
0.406813627254509,0.7906011296182577,0.406813627254509,0.763158,0.406813627254509,0.9479673218033626
0.40881763527054105,0.7913196552598889,0.40881763527054105,0.763158,0.40881763527054105,0.9481226838016301
0.4108216432865731,0.7920381809015202,0.4108216432865731,0.763158,0.4108216432865731,0.9482780457998976
0.4128256513026052,0.7927567065431514,0.4128256513026052,0.763158,0.4128256513026052,0.9484334077981651
0.41482965931863724,0.7934752321847827,0.41482965931863724,0.763158,0.41482965931863724,0.9485887697964326
0.4168336673346693,0.7941937578264139,0.4168336673346693,0.763158,0.4168336673346693,0.9487441317947001
0.4188376753507014,0.7949122834680452,0.4188376753507014,0.763158,0.4188376753507014,0.9488994937929676
0.42084168336673344,0.7956308091096764,0.42084168336673344,0.763158,0.42084168336673344,0.949054855791235
0.4228456913827655,0.7963493347513076,0.4228456913827655,0.763158,0.4228456913827655,0.9492102177895025
0.4248496993987976,0.7970678603929389,0.4248496993987976,0.763158,0.4248496993987976,0.94936557978777
0.42685370741482964,0.7977863860345702,0.42685370741482964,0.763158,0.42685370741482964,0.9495209417860375
0.4288577154308617,0.7985049116762014,0.4288577154308617,0.763158,0.4288577154308617,0.949676303784305
0.4308617234468938,0.7992234373178326,0.4308617234468938,0.763158,0.4308617234468938,0.9498316657825725
0.43286573146292584,0.799941962959464,0.43286573146292584,0.763158,0.43286573146292584,0.94998702778084
0.4348697394789579,0.8006604886010952,0.4348697394789579,0.763158,0.4348697394789579,0.9501423897791075
0.4368737474949899,0.8013790142427264,0.4368737474949899,0.763158,0.4368737474949899,0.950297751777375
0.438877755511022,0.8020975398843576,0.438877755511022,0.763158,0.438877755511022,0.9504531137756425
0.44088176352705405,0.8028160655259888,0.44088176352705405,0.763158,0.44088176352705405,0.9506084757739099
0.4428857715430861,0.8035345911676202,0.4428857715430861,0.763158,0.4428857715430861,0.9507638377721774
0.4448897795591182,0.8042531168092514,0.4448897795591182,0.763158,0.4448897795591182,0.9509191997704449
0.44689378757515025,0.8049716424508826,0.44689378757515025,0.763158,0.44689378757515025,0.9510745617687124
0.4488977955911823,0.8056901680925138,0.4488977955911823,0.763158,0.4488977955911823,0.9512299237669799
0.4509018036072144,0.8064086937341451,0.4509018036072144,0.763158,0.4509018036072144,0.9513852857652474
0.45290581162324645,0.8071272193757764,0.45290581162324645,0.763158,0.45290581162324645,0.9515406477635149
0.4549098196392785,0.8078457450174076,0.4549098196392785,0.763158,0.4549098196392785,0.9516960097617824
0.4569138276553106,0.8085642706590389,0.4569138276553106,0.763158,0.4569138276553106,0.9518513717600499
0.45891783567134264,0.8092827963006701,0.45891783567134264,0.763158,0.45891783567134264,0.9520067337583173
0.4609218436873747,0.8100013219423013,0.4609218436873747,0.763158,0.4609218436873747,0.9521620957565848
0.4629258517034068,0.8107198475839326,0.4629258517034068,0.763158,0.4629258517034068,0.9523174577548523
0.46492985971943884,0.8114383732255639,0.46492985971943884,0.763158,0.46492985971943884,0.9524728197531197
0.4669338677354709,0.8121568988671951,0.4669338677354709,0.763158,0.4669338677354709,0.9526281817513872
0.468937875751503,0.8128754245088263,0.468937875751503,0.763158,0.468937875751503,0.9527835437496547
0.47094188376753504,0.8135939501504575,0.47094188376753504,0.763158,0.47094188376753504,0.9529389057479222
0.4729458917835671,0.8143124757920889,0.4729458917835671,0.763158,0.4729458917835671,0.9530942677461897
0.4749498997995992,0.8150310014337201,0.4749498997995992,0.763158,0.4749498997995992,0.9532496297444571
0.47695390781563124,0.8157495270753513,0.47695390781563124,0.763158,0.47695390781563124,0.9534049917427246
0.4789579158316633,0.815789,0.4789579158316633,0.763158,0.4789579158316633,0.9535603537409921
0.48096192384769537,0.815789,0.48096192384769537,0.763158,0.48096192384769537,0.9537157157392596
0.48296593186372744,0.815789,0.48296593186372744,0.763158,0.48296593186372744,0.9538710777375271
0.4849699398797595,0.815789,0.4849699398797595,0.763158,0.4849699398797595,0.9540264397357946
0.48697394789579157,0.815789,0.48697394789579157,0.763158,0.48697394789579157,0.9541818017340621
0.4889779559118236,0.815789,0.4889779559118236,0.763158,0.4889779559118236,0.9543371637323296
0.49098196392785565,0.815789,0.49098196392785565,0.763158,0.49098196392785565,0.9544925257305971
0.4929859719438877,0.815789,0.4929859719438877,0.763158,0.4929859719438877,0.9546478877288646
0.4949899799599198,0.815789,0.4949899799599198,0.763158,0.4949899799599198,0.954803249727132
0.49699398797595185,0.8218358395574665,0.49699398797595185,0.7661814197787333,0.49699398797595185,0.9549586117253995
0.4989979959919839,0.829500613185822,0.4989979959919839,0.7700138065929111,0.4989979959919839,0.955113973723667
0.501002004008016,0.8371653868141775,0.501002004008016,0.7738461934070887,0.501002004008016,0.9552693357219345
0.503006012024048,0.844830160442533,0.503006012024048,0.7776785802212665,0.503006012024048,0.955424697720202
0.5050100200400801,0.8524949340708885,0.5050100200400801,0.7815109670354442,0.5050100200400801,0.9555800597184695
0.5070140280561122,0.8601597076992439,0.5070140280561122,0.785343353849622,0.5070140280561122,0.955735421716737
0.5090180360721442,0.8678244813275994,0.5090180360721442,0.7891757406637997,0.5090180360721442,0.9558907837150045
0.5110220440881763,0.8714501577841449,0.5110220440881763,0.7903221448949224,0.5110220440881763,0.956046145713272
0.5130260521042084,0.8747349584661692,0.5130260521042084,0.7912418681737423,0.5130260521042084,0.9562015077115394
0.5150300601202404,0.8780197591481935,0.5150300601202404,0.7921615914525622,0.5150300601202404,0.9563568697098069
0.5170340681362725,0.8813045598302178,0.5170340681362725,0.793081314731382,0.5170340681362725,0.9565122317080744
0.5190380761523046,0.8845893605122421,0.5190380761523046,0.7940010380102018,0.5190380761523046,0.9566675937063419
0.5210420841683366,0.8878741611942664,0.5210420841683366,0.7949207612890218,0.5210420841683366,0.9568229557046094
0.5230460921843687,0.8911589618762906,0.5230460921843687,0.7958404845678416,0.5230460921843687,0.9569783177028769
0.5250501002004008,0.8944437625583149,0.5250501002004008,0.7967602078466615,0.5250501002004008,0.9571336797011444
0.5270541082164328,0.8977285632403392,0.5270541082164328,0.7976799311254814,0.5270541082164328,0.9572890416994119
0.5290581162324649,0.9010133639223635,0.5290581162324649,0.7985996544043013,0.5290581162324649,0.9574444036976794
0.531062124248497,0.9042981646043878,0.531062124248497,0.7995193776831211,0.531062124248497,0.9575997656959467
0.533066132264529,0.9075829652864121,0.533066132264529,0.8004391009619409,0.533066132264529,0.9577551276942142
0.5350701402805611,0.9108677659684364,0.5350701402805611,0.8013588242407609,0.5350701402805611,0.9579104896924817
0.5370741482965932,0.9141525666504606,0.5370741482965932,0.8022785475195807,0.5370741482965932,0.9580658516907492
0.5390781563126252,0.9174373673324849,0.5390781563126252,0.8031982707984006,0.5390781563126252,0.9582212136890167
0.5410821643286573,0.9207221680145092,0.5410821643286573,0.8041179940772204,0.5410821643286573,0.9583765756872842
0.5430861723446894,0.9219145369917978,0.5430861723446894,0.8050377173560403,0.5430861723446894,0.9585319376855517
0.5450901803607214,0.9228725624785159,0.5450901803607214,0.8059574406348602,0.5450901803607214,0.9586872996838192
0.5470941883767535,0.923830587965234,0.5470941883767535,0.80687716391368,0.5470941883767535,0.9588426616820866
0.5490981963927856,0.9247886134519521,0.5490981963927856,0.8077968871924999,0.5490981963927856,0.9589980236803541
0.5511022044088176,0.9257466389386702,0.5511022044088176,0.8087166104713198,0.5511022044088176,0.9591533856786216
0.5531062124248497,0.9267046644253882,0.5531062124248497,0.8096363337501397,0.5531062124248497,0.9593087476768891
0.5551102204408818,0.9276626899121063,0.5551102204408818,0.8105560570289595,0.5551102204408818,0.9594641096751566
0.5571142284569138,0.9286207153988244,0.5571142284569138,0.8114757803077793,0.5571142284569138,0.9596194716734241
0.5591182364729459,0.9295787408855425,0.5591182364729459,0.8123955035865993,0.5591182364729459,0.9597748336716916
0.561122244488978,0.9305367663722606,0.561122244488978,0.8133152268654191,0.561122244488978,0.9599301956699591
0.56312625250501,0.9314947918589787,0.56312625250501,0.814234950144239,0.56312625250501,0.9600855576682266
0.565130260521042,0.9324528173456967,0.565130260521042,0.8151546734230588,0.565130260521042,0.960240919666494
0.567134268537074,0.9334108428324148,0.567134268537074,0.8160743967018786,0.567134268537074,0.9603962816647615
0.5691382765531061,0.9343688683191329,0.5691382765531061,0.8169941199806985,0.5691382765531061,0.960551643663029
0.5711422845691382,0.935326893805851,0.5711422845691382,0.8179138432595184,0.5711422845691382,0.9607070056612965
0.5731462925851702,0.9362849192925691,0.5731462925851702,0.8188335665383383,0.5731462925851702,0.960862367659564
0.5751503006012023,0.9372429447792872,0.5751503006012023,0.8197532898171581,0.5751503006012023,0.9610177296578315
0.5771543086172344,0.9382009702660052,0.5771543086172344,0.8206730130959781,0.5771543086172344,0.961173091656099
0.5791583166332664,0.9391589957527233,0.5791583166332664,0.8215927363747979,0.5791583166332664,0.9613284536543665
0.5811623246492985,0.9401170212394414,0.5811623246492985,0.8225124596536177,0.5811623246492985,0.961483815652634
0.5831663326653306,0.9410750467261595,0.5831663326653306,0.8234321829324376,0.5831663326653306,0.9616391776509015
0.5851703406813626,0.9420330722128776,0.5851703406813626,0.8243519062112575,0.5851703406813626,0.961794539649169
0.5871743486973947,0.9429910976995957,0.5871743486973947,0.8252716294900774,0.5871743486973947,0.9619499016474364
0.5891783567134268,0.9439491231863137,0.5891783567134268,0.8261913527688972,0.5891783567134268,0.9621052636457039
0.5911823647294588,0.9449071486730318,0.5911823647294588,0.827111076047717,0.5911823647294588,0.9622606256439714
0.5931863727454909,0.9458651741597499,0.5931863727454909,0.828030799326537,0.5931863727454909,0.9624159876422389
0.595190380761523,0.946823199646468,0.595190380761523,0.8289505226053568,0.595190380761523,0.9625713496405064
0.597194388777555,0.9477812408362122,0.597194388777555,0.8298702458841767,0.597194388777555,0.9627267116387738
0.5991983967935871,0.948739302728991,0.5991983967935871,0.8307899691629965,0.5991983967935871,0.9628820736370413
0.6012024048096192,0.9496973646217698,0.6012024048096192,0.8317096924418165,0.6012024048096192,0.9630374356353087
0.6032064128256512,0.9506554265145485,0.6032064128256512,0.8326294157206363,0.6032064128256512,0.9631927976335762
0.6052104208416833,0.9516134884073273,0.6052104208416833,0.8335491389994562,0.6052104208416833,0.9633481596318437
0.6072144288577154,0.952571550300106,0.6072144288577154,0.834468862278276,0.6072144288577154,0.9635035216301112
0.6092184368737474,0.9535296121928848,0.6092184368737474,0.8353885855570959,0.6092184368737474,0.9636588836283787
0.6112224448897795,0.9544876740856636,0.6112224448897795,0.8363083088359158,0.6112224448897795,0.9638142456266462
0.6132264529058116,0.9554457359784423,0.6132264529058116,0.8372280321147356,0.6132264529058116,0.9639696076249137
0.6152304609218436,0.9564037978712211,0.6152304609218436,0.8381477553935555,0.6152304609218436,0.9641249696231812
0.6172344689378757,0.9573618597639999,0.6172344689378757,0.8390674786723754,0.6172344689378757,0.9642803316214487
0.6192384769539078,0.9583199216567786,0.6192384769539078,0.8399872019511953,0.6192384769539078,0.9644356936197162
0.6212424849699398,0.9592779835495574,0.6212424849699398,0.8409069252300151,0.6212424849699398,0.9645910556179836
0.6232464929859719,0.9602360454423362,0.6232464929859719,0.8418266485088349,0.6232464929859719,0.9647464176162511
0.625250501002004,0.9611941073351149,0.625250501002004,0.8501225793260817,0.625250501002004,0.9649017796145186
0.627254509018036,0.9621521692278937,0.627254509018036,0.8616197397686148,0.627254509018036,0.9650571416127861
0.6292585170340681,0.9631102311206725,0.6292585170340681,0.8692036215989731,0.6292585170340681,0.9652125036110536
0.6312625250501002,0.9640682930134512,0.6312625250501002,0.8711197453845306,0.6312625250501002,0.9653678656093211
0.6332665330661322,0.96502635490623,0.6332665330661322,0.8730358691700881,0.6332665330661322,0.9655232276075886
0.6352705410821643,0.9659844167990087,0.6352705410821643,0.8749519929556456,0.6352705410821643,0.9656785896058561
0.6372745490981964,0.9669424786917875,0.6372745490981964,0.8768681167412032,0.6372745490981964,0.9658339516041236
0.6392785571142284,0.9679005405845663,0.6392785571142284,0.8787842405267607,0.6392785571142284,0.965989313602391
0.6412825651302605,0.968858602477345,0.6412825651302605,0.8807003643123182,0.6412825651302605,0.9661446756006585
0.6432865731462926,0.9698166643701238,0.6432865731462926,0.8826164880978759,0.6432865731462926,0.966300037598926
0.6452905811623246,0.9707747262629026,0.6452905811623246,0.8845326118834334,0.6452905811623246,0.9664553995971935
0.6472945891783567,0.9717327881556813,0.6472945891783567,0.8864487356689909,0.6472945891783567,0.966610761595461
0.6492985971943888,0.9726908500484601,0.6492985971943888,0.8883648594545484,0.6492985971943888,0.9667661235937285
0.6513026052104208,0.9736489119412389,0.6513026052104208,0.890280983240106,0.6513026052104208,0.966921485591996
0.6533066132264529,0.9740659197286837,0.6533066132264529,0.8921971070256635,0.6533066132264529,0.9670768475902635
0.655310621242485,0.9744623586359055,0.655310621242485,0.894113230811221,0.655310621242485,0.967232209588531
0.657314629258517,0.9748587975431273,0.657314629258517,0.8949055685234617,0.657314629258517,0.9673875715867984
0.6593186372745491,0.9752552364503491,0.6593186372745491,0.8951554985025143,0.6593186372745491,0.9675429335850659
0.6613226452905812,0.9756516753575708,0.6613226452905812,0.8954054284815668,0.6613226452905812,0.9676982955833334
0.6633266533066132,0.9760481142647927,0.6633266533066132,0.8956553584606194,0.6633266533066132,0.9678536575816009
0.6653306613226453,0.9764445531720144,0.6653306613226453,0.895905288439672,0.6653306613226453,0.9680090195798684
0.6673346693386772,0.9768409920792361,0.6673346693386772,0.8961552184187245,0.6673346693386772,0.9681643815781358
0.6693386773547093,0.977237430986458,0.6693386773547093,0.8964051483977771,0.6693386773547093,0.9683197435764033
0.6713426853707414,0.9776338698936797,0.6713426853707414,0.8966550783768296,0.6713426853707414,0.9684751055746708
0.6733466933867734,0.9780303088009016,0.6733466933867734,0.8969050083558822,0.6733466933867734,0.9686304675729382
0.6753507014028055,0.9784267477081233,0.6753507014028055,0.8971549383349346,0.6753507014028055,0.9687858295712057
0.6773547094188376,0.9788231866153451,0.6773547094188376,0.8974048683139872,0.6773547094188376,0.9689411915694732
0.6793587174348696,0.9792196255225669,0.6793587174348696,0.8976547982930397,0.6793587174348696,0.9690965535677407
0.6813627254509017,0.9796160644297887,0.6813627254509017,0.8979047282720923,0.6813627254509017,0.9692519155660082
0.6833667334669338,0.9800125033370105,0.6833667334669338,0.8981546582511449,0.6833667334669338,0.9694072775642757
0.6853707414829658,0.9804089422442323,0.6853707414829658,0.8984045882301974,0.6853707414829658,0.9695626395625432
0.6873747494989979,0.9808053811514541,0.6873747494989979,0.89865451820925,0.6873747494989979,0.9697180015608107
0.68937875751503,0.9812018200586758,0.68937875751503,0.8989044481883025,0.68937875751503,0.9698733635590782
0.691382765531062,0.9815982589658976,0.691382765531062,0.8991543781673551,0.691382765531062,0.9700287255573457
0.6933867735470941,0.9819946978731194,0.6933867735470941,0.8994043081464076,0.6933867735470941,0.9701840875556131
0.6953907815631262,0.9823911367803412,0.6953907815631262,0.8996542381254602,0.6953907815631262,0.9703394495538806
0.6973947895791582,0.982787575687563,0.6973947895791582,0.8999041681045128,0.6973947895791582,0.9704948115521481
0.6993987975951903,0.9831840145947848,0.6993987975951903,0.9001540980835653,0.6993987975951903,0.9706501735504156
0.7014028056112224,0.9835804535020065,0.7014028056112224,0.9004040280626179,0.7014028056112224,0.9708055355486831
0.7034068136272544,0.9839768924092284,0.7034068136272544,0.9006539580416704,0.7034068136272544,0.9709608975469506
0.7054108216432865,0.9843733313164501,0.7054108216432865,0.900903888020723,0.7054108216432865,0.9711162595452181
0.7074148296593186,0.984769770223672,0.7074148296593186,0.9011538179997755,0.7074148296593186,0.9712716215434856
0.7094188376753506,0.9851662091308937,0.7094188376753506,0.901403747978828,0.7094188376753506,0.971426983541753
0.7114228456913827,0.9855626480381154,0.7114228456913827,0.9016536779578807,0.7114228456913827,0.9715823455400205
0.7134268537074148,0.9859590869453373,0.7134268537074148,0.9019036079369331,0.7134268537074148,0.971737707538288
0.7154308617234468,0.986355525852559,0.7154308617234468,0.9021535379159857,0.7154308617234468,0.9718930695365555
0.7174348697394789,0.9867519647597809,0.7174348697394789,0.9024034678950382,0.7174348697394789,0.972048431534823
0.719438877755511,0.9871484036670026,0.719438877755511,0.9026533978740908,0.719438877755511,0.9722037935330905
0.721442885771543,0.9875448425742244,0.721442885771543,0.9029033278531433,0.721442885771543,0.972359155531358
0.7234468937875751,0.9879412814814462,0.7234468937875751,0.9031532578321959,0.7234468937875751,0.9725145175296255
0.7254509018036072,0.988337720388668,0.7254509018036072,0.9034031878112485,0.7254509018036072,0.972669879527893
0.7274549098196392,0.9887341592958898,0.7274549098196392,0.903653117790301,0.7274549098196392,0.9728252415261605
0.7294589178356713,0.9891305982031116,0.7294589178356713,0.9039030477693536,0.7294589178356713,0.972980603524428
0.7314629258517034,0.9895270371103334,0.7314629258517034,0.9041529777484061,0.7314629258517034,0.9731359655226954
0.7334669338677354,0.9899234760175551,0.7334669338677354,0.9044029077274587,0.7334669338677354,0.9732913275209628
0.7354709418837675,0.9903199149247769,0.7354709418837675,0.9046528377065113,0.7354709418837675,0.9734466895192303
0.7374749498997996,0.9907163538319987,0.7374749498997996,0.9049027676855638,0.7374749498997996,0.9736020515174978
0.7394789579158316,0.9911127927392205,0.7394789579158316,0.9051526976646164,0.7394789579158316,0.973684
0.7414829659318637,0.9915092316464423,0.7414829659318637,0.9054026276436689,0.7414829659318637,0.973684
0.7434869739478958,0.9919056705536641,0.7434869739478958,0.9056525576227215,0.7434869739478958,0.973684
0.7454909819639278,0.9923021094608858,0.7454909819639278,0.9059024876017739,0.7454909819639278,0.973684
0.7474949899799599,0.9926985483681077,0.7474949899799599,0.9061524175808265,0.7474949899799599,0.973684
0.749498997995992,0.9930949872753294,0.749498997995992,0.9064023475598791,0.749498997995992,0.973684
0.751503006012024,0.9934914261825513,0.751503006012024,0.9066522775389316,0.751503006012024,0.973684
0.7535070140280561,0.993887865089773,0.7535070140280561,0.9069022075179842,0.7535070140280561,0.9738128692125436
0.7555110220440882,0.9942843039969947,0.7555110220440882,0.9071521374970367,0.7555110220440882,0.9740257727148807
0.7575150300601202,0.9946807429042166,0.7575150300601202,0.9074020674760893,0.7575150300601202,0.9742386762172177
0.7595190380761523,0.9950771818114383,0.7595190380761523,0.9076519974551418,0.7595190380761523,0.9744515797195548
0.7615230460921844,0.9954736207186602,0.7615230460921844,0.9079019274341944,0.7615230460921844,0.9746644832218918
0.7635270541082164,0.9958700596258819,0.7635270541082164,0.908151857413247,0.7635270541082164,0.9748773867242289
0.7655310621242485,0.9962664985331038,0.7655310621242485,0.9084017873922995,0.7655310621242485,0.9750902902265659
0.7675350701402806,0.9966629374403255,0.7675350701402806,0.9086517173713521,0.7675350701402806,0.975303193728903
0.7695390781563125,0.9970593763475473,0.7695390781563125,0.9089016473504046,0.7695390781563125,0.9755160972312399
0.7715430861723446,0.9974558152547691,0.7715430861723446,0.9091515773294572,0.7715430861723446,0.9757290007335769
0.7735470941883766,0.9978522541619909,0.7735470941883766,0.9094015073085097,0.7735470941883766,0.975941904235914
0.7755511022044087,0.9982486930692126,0.7755511022044087,0.9096514372875623,0.7755511022044087,0.976154807738251
0.7775551102204408,0.9986451319764345,0.7775551102204408,0.9099013672666147,0.7775551102204408,0.9763677112405881
0.7795591182364728,0.9990415708836562,0.7795591182364728,0.9101512972456673,0.7795591182364728,0.9765806147429251
0.7815631262525049,0.999438009790878,0.7815631262525049,0.9104012272247199,0.7815631262525049,0.9767935182452622
0.783567134268537,0.9998344486980998,0.783567134268537,0.9106511572037724,0.783567134268537,0.9770064217475992
0.785571142284569,1.0,0.785571142284569,0.910901087182825,0.785571142284569,0.9772193252499363
0.7875751503006011,1.0,0.7875751503006011,0.9111510171618775,0.7875751503006011,0.9774322287522733
0.7895791583166332,1.0,0.7895791583166332,0.9114009471409301,0.7895791583166332,0.9776451322546104
0.7915831663326652,1.0,0.7915831663326652,0.9116508771199827,0.7915831663326652,0.9778580357569474
0.7935871743486973,1.0,0.7935871743486973,0.9119008070990352,0.7935871743486973,0.9780709392592845
0.7955911823647294,1.0,0.7955911823647294,0.9121507370780878,0.7955911823647294,0.9782838427616215
0.7975951903807614,1.0,0.7975951903807614,0.9124006670571403,0.7975951903807614,0.9784967462639586
0.7995991983967935,1.0,0.7995991983967935,0.9126505970361929,0.7995991983967935,0.9787096497662956
0.8016032064128256,1.0,0.8016032064128256,0.9129005270152454,0.8016032064128256,0.9789225532686326
0.8036072144288576,1.0,0.8036072144288576,0.913150456994298,0.8036072144288576,0.9791354567709697
0.8056112224448897,1.0,0.8056112224448897,0.9134003869733505,0.8056112224448897,0.9793483602733067
0.8076152304609218,1.0,0.8076152304609218,0.9136503169524031,0.8076152304609218,0.9795612637756438
0.8096192384769538,1.0,0.8096192384769538,0.9139002469314557,0.8096192384769538,0.9797741672779808
0.8116232464929859,1.0,0.8116232464929859,0.9141501769105081,0.8116232464929859,0.9799870707803179
0.813627254509018,1.0,0.813627254509018,0.9144001068895607,0.813627254509018,0.9801999742826549
0.81563126252505,1.0,0.81563126252505,0.9146500368686132,0.81563126252505,0.980412877784992
0.8176352705410821,1.0,0.8176352705410821,0.9148999668476658,0.8176352705410821,0.980625781287329
0.8196392785571142,1.0,0.8196392785571142,0.9151498968267184,0.8196392785571142,0.9808386847896661
0.8216432865731462,1.0,0.8216432865731462,0.9153998268057709,0.8216432865731462,0.9810515882920031
0.8236472945891783,1.0,0.8236472945891783,0.9156497567848235,0.8236472945891783,0.9812644917943402
0.8256513026052104,1.0,0.8256513026052104,0.915899686763876,0.8256513026052104,0.9814773952966772
0.8276553106212424,1.0,0.8276553106212424,0.9161496167429286,0.8276553106212424,0.9816902987990143
0.8296593186372745,1.0,0.8296593186372745,0.9163995467219811,0.8296593186372745,0.9819032023013513
0.8316633266533066,1.0,0.8316633266533066,0.9166494767010337,0.8316633266533066,0.9821161058036882
0.8336673346693386,1.0,0.8336673346693386,0.9168994066800863,0.8336673346693386,0.9823290093060253
0.8356713426853707,1.0,0.8356713426853707,0.9171493366591388,0.8356713426853707,0.9825419128083623
0.8376753507014028,1.0,0.8376753507014028,0.9173992666381914,0.8376753507014028,0.9827548163106994
0.8396793587174348,1.0,0.8396793587174348,0.9176491966172439,0.8396793587174348,0.9829677198130364
0.8416833667334669,1.0,0.8416833667334669,0.9178991265962965,0.8416833667334669,0.9831806233153735
0.843687374749499,1.0,0.843687374749499,0.918149056575349,0.843687374749499,0.9833935268177105
0.845691382765531,1.0,0.845691382765531,0.9183989865544016,0.845691382765531,0.9836064303200476
0.8476953907815631,1.0,0.8476953907815631,0.9186489165334542,0.8476953907815631,0.9838193338223846
0.8496993987975952,1.0,0.8496993987975952,0.9188988465125066,0.8496993987975952,0.9840322373247217
0.8517034068136272,1.0,0.8517034068136272,0.9191487764915592,0.8517034068136272,0.9842451408270587
0.8537074148296593,1.0,0.8537074148296593,0.9193987064706117,0.8537074148296593,0.9844580443293958
0.8557114228456913,1.0,0.8557114228456913,0.9196486364496643,0.8557114228456913,0.9846709478317328
0.8577154308617234,1.0,0.8577154308617234,0.9198985664287168,0.8577154308617234,0.9848838513340699
0.8597194388777555,1.0,0.8597194388777555,0.9201484964077694,0.8597194388777555,0.9850967548364069
0.8617234468937875,1.0,0.8617234468937875,0.920398426386822,0.8617234468937875,0.985309658338744
0.8637274549098196,1.0,0.8637274549098196,0.9206483563658745,0.8637274549098196,0.985522561841081
0.8657314629258517,1.0,0.8657314629258517,0.9208982863449271,0.8657314629258517,0.985735465343418
0.8677354709418837,1.0,0.8677354709418837,0.9217829617714519,0.8677354709418837,0.9859483688457551
0.8697394789579158,1.0,0.8697394789579158,0.9236990127448881,0.8697394789579158,0.9861612723480921
0.8717434869739479,1.0,0.8717434869739479,0.9256150637183242,0.8717434869739479,0.9863741758504292
0.8737474949899798,1.0,0.8737474949899798,0.9275311146917603,0.8737474949899798,0.9865870793527662
0.8757515030060119,1.0,0.8757515030060119,0.9294471656651965,0.8757515030060119,0.9867999828551033
0.877755511022044,1.0,0.877755511022044,0.9313632166386326,0.877755511022044,0.9870128863574403
0.879759519038076,1.0,0.879759519038076,0.9332792676120688,0.879759519038076,0.9872257898597774
0.8817635270541081,1.0,0.8817635270541081,0.935195318585505,0.8817635270541081,0.9874386933621144
0.8837675350701402,1.0,0.8837675350701402,0.9371113695589411,0.8837675350701402,0.9876515968644515
0.8857715430861722,1.0,0.8857715430861722,0.9390274205323773,0.8857715430861722,0.9878645003667885
0.8877755511022043,1.0,0.8877755511022043,0.9409434715058135,0.8877755511022043,0.9880774038691256
0.8897795591182364,1.0,0.8897795591182364,0.9428595224792496,0.8897795591182364,0.9882903073714626
0.8917835671342684,1.0,0.8917835671342684,0.9447755734526858,0.8917835671342684,0.9885032108737997
0.8937875751503005,1.0,0.8937875751503005,0.946691624426122,0.8937875751503005,0.9887161143761367
0.8957915831663326,1.0,0.8957915831663326,0.9498473549342542,0.8957915831663326,0.9889290178784736
0.8977955911823646,1.0,0.8977955911823646,0.9536794632724246,0.8977955911823646,0.9891419213808107
0.8997995991983967,1.0,0.8997995991983967,0.9575115716105949,0.8997995991983967,0.9893548248831477
0.9018036072144288,1.0,0.9018036072144288,0.9613436799487652,0.9018036072144288,0.9895677283854848
0.9038076152304608,1.0,0.9038076152304608,0.9651757882869355,0.9038076152304608,0.9897806318878218
0.9058116232464929,1.0,0.9058116232464929,0.9690078966251059,0.9058116232464929,0.9899935353901589
0.907815631262525,1.0,0.907815631262525,0.9728400049632762,0.907815631262525,0.9902064388924959
0.909819639278557,1.0,0.909819639278557,0.973684,0.909819639278557,0.990419342394833
0.9118236472945891,1.0,0.9118236472945891,0.973684,0.9118236472945891,0.99063224589717
0.9138276553106212,1.0,0.9138276553106212,0.973684,0.9138276553106212,0.9908451493995071
0.9158316633266532,1.0,0.9158316633266532,0.973684,0.9158316633266532,0.9910580529018441
0.9178356713426853,1.0,0.9178356713426853,0.973684,0.9178356713426853,0.9912709564041812
0.9198396793587174,1.0,0.9198396793587174,0.973684,0.9198396793587174,0.9914838599065182
0.9218436873747494,1.0,0.9218436873747494,0.973684,0.9218436873747494,0.9916967634088553
0.9238476953907815,1.0,0.9238476953907815,0.973684,0.9238476953907815,0.9919096669111923
0.9258517034068136,1.0,0.9258517034068136,0.973684,0.9258517034068136,0.9921225704135294
0.9278557114228456,1.0,0.9278557114228456,0.9741320939287081,0.9278557114228456,0.9923354739158664
0.9298597194388777,1.0,0.9298597194388777,0.9748506468751329,0.9298597194388777,0.9925483774182035
0.9318637274549098,1.0,0.9318637274549098,0.9755691998215577,0.9318637274549098,0.9927612809205405
0.9338677354709418,1.0,0.9338677354709418,0.9762877527679824,0.9338677354709418,0.9929741844228775
0.9358717434869739,1.0,0.9358717434869739,0.9770063057144072,0.9358717434869739,0.9931870879252146
0.937875751503006,1.0,0.937875751503006,0.977724858660832,0.937875751503006,0.9933999914275516
0.939879759519038,1.0,0.939879759519038,0.9784434116072568,0.939879759519038,0.9936128949298887
0.9418837675350701,1.0,0.9418837675350701,0.9791619645536815,0.9418837675350701,0.9938257984322257
0.9438877755511021,1.0,0.9438877755511021,0.9798805175001063,0.9438877755511021,0.9940387019345628
0.9458917835671342,1.0,0.9458917835671342,0.980599070446531,0.9458917835671342,0.9942516054368998
0.9478957915831663,1.0,0.9478957915831663,0.9813176233929559,0.9478957915831663,0.9944645089392369
0.9498997995991983,1.0,0.9498997995991983,0.9820361763393807,0.9498997995991983,0.9946774124415739
0.9519038076152304,1.0,0.9519038076152304,0.9827547292858054,0.9519038076152304,0.994890315943911
0.9539078156312625,1.0,0.9539078156312625,0.9834732822322302,0.9539078156312625,0.995103219446248
0.9559118236472945,1.0,0.9559118236472945,0.9841918351786549,0.9559118236472945,0.9953161229485851
0.9579158316633266,1.0,0.9579158316633266,0.9849103881250797,0.9579158316633266,0.9955290264509221
0.9599198396793587,1.0,0.9599198396793587,0.9856289410715046,0.9599198396793587,0.9957419299532592
0.9619238476953907,1.0,0.9619238476953907,0.9863474940179293,0.9619238476953907,0.9959548334555962
0.9639278557114228,1.0,0.9639278557114228,0.9870660469643541,0.9639278557114228,0.9961677369579333
0.9659318637274549,1.0,0.9659318637274549,0.9877845999107788,0.9659318637274549,0.9963806404602702
0.9679358717434869,1.0,0.9679358717434869,0.9885031528572036,0.9679358717434869,0.9965935439626072
0.969939879759519,1.0,0.969939879759519,0.9892217058036283,0.969939879759519,0.9968064474649443
0.9719438877755511,1.0,0.9719438877755511,0.9899402587500532,0.9719438877755511,0.9970193509672813
0.9739478957915831,1.0,0.9739478957915831,0.990658811696478,0.9739478957915831,0.9972322544696184
0.9759519038076151,1.0,0.9759519038076151,0.9913773646429027,0.9759519038076151,0.9974451579719554
0.9779559118236472,1.0,0.9779559118236472,0.9920959175893275,0.9779559118236472,0.9976580614742925
0.9799599198396792,1.0,0.9799599198396792,0.9928144705357522,0.9799599198396792,0.9978709649766295
0.9819639278557113,1.0,0.9819639278557113,0.993533023482177,0.9819639278557113,0.9980838684789666
0.9839679358717434,1.0,0.9839679358717434,0.9942515764286017,0.9839679358717434,0.9982967719813036
0.9859719438877754,1.0,0.9859719438877754,0.9949701293750265,0.9859719438877754,0.9985096754836407
0.9879759519038075,1.0,0.9879759519038075,0.9956886823214514,0.9879759519038075,0.9987225789859777
0.9899799599198396,1.0,0.9899799599198396,0.9964072352678761,0.9899799599198396,0.9989354824883148
0.9919839679358716,1.0,0.9919839679358716,0.9971257882143009,0.9919839679358716,0.9991483859906518
0.9939879759519037,1.0,0.9939879759519037,0.9978443411607256,0.9939879759519037,0.9993612894929889
0.9959919839679358,1.0,0.9959919839679358,0.9985628941071504,0.9959919839679358,0.9995741929953259
0.9979959919839678,1.0,0.9979959919839678,0.9992814470535751,0.9979959919839678,0.999787096497663
1.0,1.0,1.0,1.0,1.0,1.0
