FPR(X),VGG16(Y),EffNetB0(Y),SwinT(Y)
0.0,0.131579,0.105263,0.157895
0.002004008016032064,0.1430761604425332,0.1167601604425332,0.1808888839964647
0.004008016032064128,0.15457332088506642,0.12825732088506642,0.20388276799292937
0.0060120240480961915,0.1660704813275996,0.1397544813275996,0.24322761464459328
0.008016032064128256,0.17756764177013282,0.1512516417701328,0.2892158195261244
0.01002004008016032,0.1890646177696575,0.1724562221949895,0.33035040663799803
0.012024048096192383,0.20056134132358897,0.20694726663398735,0.3648418879655976
0.014028056112224447,0.2120577891563423,0.23990557831268464,0.394737
0.01603206412825651,0.2235524436789883,0.2628948873579766,0.394737
0.018036072144288574,0.23504709820163427,0.28588419640326856,0.394737
0.02004008016032064,0.25624573468454237,0.2927078328914205,0.40443868300826635
0.022044088176352703,0.2792400555696088,0.29654007407606436,0.4159356250064987
0.024048096192384766,0.289474,0.3003723152607082,0.42743256700473103
0.026052104208416832,0.289474,0.304204556445352,0.4389295090029634
0.028056112224448895,0.3017079202271995,0.3080367976299958,0.450426509112404
0.03006012024048096,0.34769612510873066,0.3118690388146397,0.4619236695549372
0.03206412825651302,0.3936843299902617,0.3157012799992835,0.47342082999747037
0.03406813627254509,0.3975453445500189,0.315789,0.4849179904400036
0.03607214428857715,0.4004194780150524,0.315789,0.4964151508825368
0.038076152304609215,0.4032936114800859,0.3316118978956277,0.50791231132507
0.04008016032064128,0.4061677449451194,0.35460371258768214,0.5194094717676032
0.04208416833667334,0.40904187841015294,0.3775955272797365,0.5309056316364201
0.044088176352705406,0.41191601187518645,0.4005873419717909,0.5424002861590661
0.04609218436873747,0.4147901453402199,0.42357938402245954,0.5564216000346015
0.04809619238476953,0.4176642788052534,0.44657326801892416,0.5909126444735994
0.0501002004008016,0.42053841227028693,0.4695671520153889,0.6254036889125973
0.052104208416833664,0.4304915777838651,0.47486380501668785,0.6410176973397416
0.05410821643286573,0.4419885925968644,0.4763009109095374,0.6525148577822748
0.05611222444889779,0.45348560740986366,0.477738016802387,0.657895
0.058116232464929855,0.46498262222286296,0.4791751226952365,0.657895
0.06012024048096192,0.47647963703586227,0.48061222858808605,0.657895
0.06212424849699398,0.4879766518488616,0.4820493344809356,0.657895
0.06412825651302605,0.4994736666618609,0.48348644037378513,0.657895
0.06613226452905811,0.510970820437474,0.4849235462666347,0.657895
0.06813627254509018,0.5224679808800072,0.48636065215948426,0.657895
0.07014028056112225,0.527590810567398,0.4877977580523338,0.657895
0.0721442885771543,0.5295069343529555,0.48923486394518334,0.657895
0.07414829659318636,0.531423058138513,0.49067196983803285,0.657895
0.07615230460921843,0.5333391819240705,0.4921090757308824,0.657895
0.0781563126252505,0.535255305709628,0.493546181623732,0.657895
0.08016032064128256,0.5371714294951856,0.4949832875165815,0.657895
0.08216432865731463,0.5390875532807431,0.49642039340943106,0.657895
0.08416833667334668,0.5410036770663006,0.4978574993022806,0.657895
0.08617234468937875,0.5429198008518581,0.49929460519513014,0.657895
0.08817635270541081,0.5448359246374157,0.5029269241111392,0.6600901054591402
0.09018036072144288,0.5467520484229732,0.5086755043324058,0.6644013685281018
0.09218436873747494,0.5486681722085307,0.5144240845536724,0.6687126315970634
0.09418837675350701,0.5505842959940882,0.5201726647749391,0.673023894666025
0.09619238476953906,0.5525004197796458,0.5259212449962056,0.6773351577349865
0.09819639278557113,0.552632,0.5316692416942878,0.6816464208039481
0.1002004008016032,0.552632,0.5374171953673014,0.6859576838729097
0.10220440881763526,0.552632,0.543165149040315,0.6902689469418712
0.10420841683366733,0.552632,0.5489131027133286,0.6945802100108329
0.1062124248496994,0.552632,0.5528574612552059,0.6988914730797945
0.10821643286573146,0.552632,0.5534961526482624,0.7032027361487561
0.11022044088176351,0.552632,0.5541348440413187,0.7075139992177176
0.11222444889779558,0.552632,0.5547735354343752,0.7118252622866792
0.11422845691382764,0.552632,0.5554122268274316,0.7161365253556408
0.11623246492985971,0.552632,0.556050918220488,0.7204477884246024
0.11823647294589178,0.552632,0.5566896096135445,0.724759051493564
0.12024048096192384,0.5544953531836234,0.5573283010066009,0.7290703145625256
0.1222444889779559,0.5583273159028419,0.5579669923996574,0.7333815776314871
0.12424849699398796,0.5621592786220603,0.5586056837927138,0.7374092188617247
0.12625250501002003,0.5659912413412787,0.5592443751857702,0.7402833523267582
0.1282565130260521,0.569823204060497,0.5598830665788267,0.7431574857917917
0.13026052104208416,0.5736551667797155,0.5605217579718831,0.7460316192568253
0.13226452905811623,0.5774871294989339,0.5611604493649396,0.7489057527218588
0.1342685370741483,0.6002981927032612,0.561799140757996,0.7517798861868923
0.13627254509018036,0.6347896740308611,0.5624378321510525,0.7546540196519258
0.13827655310621242,0.6591601283731623,0.5630765235441089,0.7575281531169593
0.1402805611222445,0.66299251518734,0.5637152149371653,0.7604022865819928
0.14228456913827653,0.6668249020015177,0.5643539063302218,0.7633159020015177
0.1442885771543086,0.6706572888156954,0.5649925977232781,0.7671482888156954
0.14629258517034066,0.6744896756298732,0.5656312891163346,0.7709806756298732
0.14829659318637273,0.6783220624440509,0.566269980509391,0.7748130624440509
0.1503006012024048,0.6821544492582287,0.5669086719024474,0.7786454492582287
0.15230460921843686,0.685276414701045,0.5675473632955039,0.7824778360724064
0.15430861723446893,0.6875756591613642,0.5681860546885603,0.7863102228865841
0.156312625250501,0.6898749036216836,0.5688247460816168,0.790142535711883
0.15831663326653306,0.6921741480820028,0.5694634374746732,0.7939744984311015
0.16032064128256512,0.6944733925423222,0.5701021288677296,0.7978064611503198
0.1623246492985972,0.6967726370026415,0.5707408202607861,0.8016384238695382
0.16432865731462926,0.6990718814629608,0.5713795116538425,0.8054703865887567
0.16633266533066132,0.7013711259232801,0.572018203046899,0.8093023493079751
0.16833667334669336,0.7036703703835994,0.5726568944399554,0.8131343120271934
0.17034068136272543,0.7059696148439187,0.5732955858330118,0.815789
0.1723446893787575,0.708268859304238,0.5739342772260683,0.815789
0.17434869739478956,0.7105961786673411,0.5745729686191247,0.8158021581415549
0.17635270541082163,0.7144285654815189,0.5752116600121812,0.8165207110879796
0.1783567134268537,0.7182609522956966,0.5758503514052375,0.8172392640344045
0.18036072144288576,0.7220933391098744,0.5764890427982939,0.8179578169808293
0.18236472945891782,0.7259257259240521,0.5771277341913504,0.818676369927254
0.1843687374749499,0.7297581127382299,0.5777664255844068,0.8193949228736788
0.18637274549098196,0.7335904995524076,0.5784051169774633,0.8201134758201035
0.18837675350701402,0.7385842792699611,0.578947,0.8208320287665283
0.1903807615230461,0.750078933792607,0.578947,0.8215505817129531
0.19238476953907813,0.7615735883152528,0.578947,0.8222691346593779
0.1943887775551102,0.7651403997842429,0.593815605016442,0.8229876876058027
0.19639278557114226,0.7674397380566107,0.611061345680242,0.8237062405522274
0.19839679358717432,0.7697390763289785,0.6283070863440418,0.8244247934986522
0.2004008016032064,0.7720384146013463,0.6455528270078417,0.8251433464450769
0.20240480961923846,0.7743377528737141,0.6611640451144276,0.8258618993915018
0.20440881763527052,0.7766370911460819,0.6726612055569609,0.8265804523379265
0.2064128256513026,0.7789364294184498,0.6841583659994941,0.8272990052843513
0.20841683366733466,0.7812357676908175,0.6850912852104692,0.828017558230776
0.21042084168336672,0.7835351059631853,0.6859756189005718,0.8287361111772008
0.2124248496993988,0.7858344442355532,0.6868599525906743,0.8294546641236256
0.21442885771543085,0.788133782507921,0.6877442862807768,0.8301732170700504
0.21643286573146292,0.7904331207802887,0.6886286199708793,0.8308917700164752
0.21843687374749496,0.7927324590526565,0.6895129536609819,0.8316103229628999
0.22044088176352702,0.7950317973250243,0.6903972873510844,0.8323288759093247
0.2224448897795591,0.7973311355973921,0.6912816210411868,0.8330474288557494
0.22444889779559116,0.7996304738697599,0.6921659547312894,0.8337659818021742
0.22645290581162322,0.8019298121421278,0.6930502884213919,0.834484534748599
0.2284569138276553,0.8042291504144955,0.6939346221114945,0.8352030876950238
0.23046092184368736,0.8065284886868633,0.694818955801597,0.8359216406414486
0.23246492985971942,0.8088278269592312,0.6957032894916995,0.8366401935878733
0.2344689378757515,0.811127165231599,0.696587623181802,0.8373587465342981
0.23647294589178355,0.8134265035039667,0.6974719568719046,0.8380772994807228
0.23847695390781562,0.8157258417763346,0.6983562905620071,0.8387958524271476
0.24048096192384769,0.815789,0.6992406242521096,0.8395144053735725
0.24248496993987975,0.815789,0.7001249579422121,0.8402329583199972
0.2444889779559118,0.815789,0.7010092916323146,0.840951511266422
0.24649298597194386,0.815789,0.7018936253224172,0.8416700642128467
0.24849699398797592,0.815789,0.7027779590125197,0.8451301123074515
0.250501002004008,0.815789,0.7036622927026223,0.8527943289837921
0.25250501002004005,0.815789,0.7045466263927247,0.8604585456601328
0.2545090180360721,0.815789,0.7054309600828272,0.8681227623364735
0.2565130260521042,0.815789,0.7063152937729298,0.8757869790128141
0.25851703406813625,0.8214203924664815,0.7071996274630323,0.8834511956891548
0.2605210420841683,0.8283183879691716,0.7080839611531349,0.8911154123654954
0.2625250501002004,0.8352163834718617,0.7089682948432373,0.8967584614081007
0.26452905811623245,0.8421143789745518,0.7098526285333399,0.9005908482222784
0.2665330661322645,0.8490123744772419,0.7109831009096637,0.9044232350364562
0.2685370741482966,0.8559103699799319,0.7128992246952212,0.9082556218506339
0.27054108216432865,0.862808365482622,0.7148153484807788,0.9120880086648117
0.2725450901803607,0.8697063609853121,0.7167314722663363,0.9159203954789894
0.2745490981963928,0.8766043564880022,0.7186475960518938,0.9197527822931671
0.27655310621242485,0.8835023519906923,0.7205637198374513,0.9213568381480477
0.2785571142284569,0.8904003474933824,0.7224798436230089,0.9218166910499903
0.280561122244489,0.8948106025294994,0.7243959674085664,0.922276543951933
0.282565130260521,0.8950088227281422,0.7263120911941239,0.9227363968538757
0.28456913827655306,0.895207042926785,0.7282282149796814,0.9231962497558184
0.2865731462925851,0.8954052631254277,0.7301443387652389,0.923656102657761
0.2885771543086172,0.8956034833240705,0.7320604625507964,0.9241159555597037
0.29058116232464926,0.8958017035227133,0.733976586336354,0.9245758084616464
0.2925851703406813,0.895999923721356,0.7358927101219115,0.9250356613635891
0.2945891783567134,0.8961981439199987,0.7426432142217723,0.9254955142655318
0.29659318637274545,0.8963963641186415,0.7541403746643055,0.9259553671674744
0.2985971943887775,0.8965945843172843,0.763158,0.9264152200694171
0.3006012024048096,0.896792804515927,0.763158,0.9268750729713597
0.30260521042084165,0.8969910247145698,0.763158,0.9273349258733025
0.3046092184368737,0.8971892449132126,0.763158,0.9277947787752451
0.3066132264529058,0.8973874651118553,0.763158,0.9282546316771878
0.30861723446893785,0.8975856853104981,0.763158,0.9287144845791304
0.3106212424849699,0.8977839055091409,0.763158,0.9291743374810731
0.312625250501002,0.8979821257077836,0.763158,0.9296341903830158
0.31462925851703405,0.8981803459064264,0.763158,0.9300940432849585
0.3166332665330661,0.8983785661050692,0.763158,0.9305538961869011
0.3186372745490982,0.8985767863037118,0.763158,0.9310137490888438
0.32064128256513025,0.8987750065023546,0.763158,0.9314736019907864
0.3226452905811623,0.8989732267009974,0.763158,0.9319334548927292
0.3246492985971944,0.8991714468996402,0.763158,0.9323933077946718
0.32665330661322645,0.8993696670982829,0.763158,0.9328531606966145
0.3286573146292585,0.8995678872969257,0.763158,0.9333130135985572
0.3306613226452906,0.8997661074955685,0.763158,0.9337728665004998
0.33266533066132264,0.8999643276942112,0.763158,0.9342327194024426
0.33466933867735466,0.900162547892854,0.763158,0.9346925723043852
0.3366733466933867,0.9003607680914968,0.763158,0.9351524252063278
0.3386773547094188,0.9005589882901395,0.763158,0.9356122781082705
0.34068136272545085,0.9007572084887823,0.763158,0.9360721310102132
0.3426853707414829,0.9009554286874251,0.763158,0.9365319839121559
0.344689378757515,0.9011536488860677,0.763158,0.9369918368140986
0.34669338677354705,0.9013518690847105,0.763158,0.9374516897160412
0.3486973947895791,0.9015500892833533,0.763158,0.9379115426179839
0.3507014028056112,0.901748309481996,0.763158,0.9383713955199265
0.35270541082164325,0.9019465296806388,0.763158,0.9388312484218693
0.3547094188376753,0.9021447498792816,0.763158,0.9392911013238119
0.3567134268537074,0.9023429700779244,0.763158,0.9397509542257546
0.35871743486973945,0.9025411902765671,0.763158,0.9402108071276972
0.3607214428857715,0.9027394104752099,0.763158,0.94067066002964
0.3627254509018036,0.9029376306738527,0.7651111951017795,0.9411305129315826
0.36472945891783565,0.9031358508724954,0.7766083555443127,0.9415903658335253
0.3667334669338677,0.9033340710711382,0.788105515986846,0.9420502187354679
0.3687374749498998,0.903532291269781,0.7917246651831943,0.9425100716374106
0.37074148296593185,0.9037305114684236,0.7942794174150408,0.9429699245393532
0.3727454909819639,0.9039287316670664,0.7968341696468872,0.943429777441296
0.374749498997996,0.9041269518657092,0.7993889218787338,0.9438896303432386
0.37675350701402804,0.9043251720643519,0.8019436741105803,0.9443494832451813
0.3787575150300601,0.9045233922629947,0.8044984263424269,0.944809336147124
0.3807615230460922,0.9047216124616375,0.8070531785742734,0.9452691890490666
0.38276553106212424,0.9049198326602803,0.8096079308061199,0.9457290419510094
0.38476953907815625,0.905118052858923,0.8121626830379663,0.946188894852952
0.3867735470941883,0.9053162730575658,0.8147174352698129,0.9466487477548946
0.3887775551102204,0.9055144932562086,0.8172721875016594,0.9471086006568373
0.39078156312625245,0.9057127134548513,0.819826939733506,0.9476464178957049
0.3927855711422845,0.9059109336534941,0.8223816919653525,0.9482851258242241
0.3947895791583166,0.9061091538521369,0.824936444197199,0.9489238337527433
0.39679358717434865,0.9063073740507795,0.8274911964290456,0.9495625416812624
0.3987975951903807,0.9065055942494223,0.830045948660892,0.9502012496097816
0.4008016032064128,0.9067038144480651,0.8326007008927385,0.9508399575383008
0.40280561122244485,0.9069020346467078,0.8351554531245851,0.9514786654668199
0.4048096192384769,0.9071002548453506,0.8377102053564316,0.9521173733953392
0.406813627254509,0.9072984750439934,0.8402649575882781,0.9527560813238584
0.40881763527054105,0.9074966952426361,0.8431771370379739,0.9533947892523775
0.4108216432865731,0.9076949154412789,0.8470095238521516,0.9540334971808967
0.4128256513026052,0.9078931356399217,0.8508419106663293,0.9546722051094159
0.41482965931863724,0.9080913558385645,0.854674297480507,0.955310913037935
0.4168336673346693,0.9082895760372072,0.8585066842946848,0.9559496209664542
0.4188376753507014,0.90848779623585,0.8623390711088625,0.9565883288949734
0.42084168336673344,0.9086860164344928,0.8661714579230403,0.9572270368234925
0.4228456913827655,0.9088842366331354,0.8688958378934384,0.9578657447520117
0.4248496993987976,0.9090824568317782,0.8700455163419282,0.9585044526805309
0.42685370741482964,0.909280677030421,0.871195194790418,0.9591431606090501
0.4288577154308617,0.9094788972290637,0.8723448732389077,0.9597818685375693
0.4308617234468938,0.9096771174277065,0.8734945516873975,0.9604205764660885
0.43286573146292584,0.9098753376263493,0.8746442301358873,0.9610592843946076
0.4348697394789579,0.910073557824992,0.8757939085843771,0.9616979923231268
0.4368737474949899,0.9102717780236348,0.8769435870328669,0.962336700251646
0.438877755511022,0.9104699982222776,0.8780932654813567,0.9629754081801651
0.44088176352705405,0.9106682184209203,0.8792429439298465,0.9636141161086843
0.4428857715430861,0.9108664386195631,0.8803926223783363,0.9642528240372035
0.4448897795591182,0.9110646588182059,0.8815423008268262,0.9648915319657226
0.44689378757515025,0.9112628790168487,0.882691979275316,0.9655302398942418
0.4488977955911823,0.9114610992154913,0.8838416577238057,0.966168947822761
0.4509018036072144,0.9116593194141341,0.8849913361722955,0.9668076557512801
0.45290581162324645,0.9118575396127769,0.8861410146207853,0.9674463636797994
0.4549098196392785,0.9120557598114196,0.8872906930692751,0.9680850716083186
0.4569138276553106,0.9122539800100624,0.8884403715177649,0.9687237795368377
0.45891783567134264,0.9124522002087052,0.8895900499662547,0.9693624874653569
0.4609218436873747,0.9126504204073479,0.8907397284147445,0.9700011953938761
0.4629258517034068,0.9128486406059907,0.8918894068632343,0.9706399033223952
0.46492985971943884,0.9130468608046335,0.8930390853117242,0.9712786112509144
0.4669338677354709,0.9132450810032762,0.894188763760214,0.9719173191794336
0.468937875751503,0.913443301201919,0.8953384422087037,0.9725560271079527
0.47094188376753504,0.9136415214005618,0.8964881206571935,0.9731947350364719
0.4729458917835671,0.9138397415992046,0.8976377991056833,0.973684
0.4749498997995992,0.9140379617978472,0.8987874775541731,0.973684
0.47695390781563124,0.91423618199649,0.8999371560026629,0.973684
0.4789579158316633,0.9144344021951328,0.9010868344511527,0.973684
0.48096192384769537,0.9146326223937755,0.9022365128996425,0.973684
0.48296593186372744,0.9148308425924183,0.9033861913481323,0.973684
0.4849699398797595,0.9150290627910611,0.9045358697966221,0.973684
0.48697394789579157,0.9152272829897038,0.9056855482451119,0.973684
0.4889779559118236,0.9154255031883466,0.9068352266936017,0.973684
0.49098196392785565,0.9156237233869894,0.9079849051420915,0.973684
0.4929859719438877,0.9158219435856321,0.9091345835905813,0.973684
0.4949899799599198,0.9160201637842749,0.9102842620390711,0.973684
0.49699398797595185,0.9162183839829177,0.9114339404875609,0.973684
0.4989979959919839,0.9164166041815603,0.9125836189360507,0.973684
0.501002004008016,0.9166148243802031,0.9137332973845405,0.973684
0.503006012024048,0.9168130445788459,0.9148829758330302,0.973684
0.5050100200400801,0.9170112647774886,0.91603265428152,0.973684
0.5070140280561122,0.9172094849761314,0.9171823327300098,0.973684
0.5090180360721442,0.9174077051747742,0.9183320111784997,0.973684
0.5110220440881763,0.917605925373417,0.9194816896269895,0.973684
0.5130260521042084,0.9178041455720597,0.9206313680754793,0.973684
0.5150300601202404,0.9180023657707025,0.9213563400888722,0.973684
0.5170340681362725,0.9182005859693453,0.9218353528322313,0.973684
0.5190380761523046,0.918398806167988,0.9223143655755903,0.973684
0.5210420841683366,0.9185970263666308,0.9227933783189494,0.973684
0.5230460921843687,0.9187952465652736,0.9232723910623084,0.973684
0.5250501002004008,0.9189934667639162,0.9237514038056674,0.973684
0.5270541082164328,0.919191686962559,0.9242304165490265,0.973684
0.5290581162324649,0.9193899071612018,0.9247094292923856,0.973684
0.531062124248497,0.9195881273598445,0.9251884420357447,0.973684
0.533066132264529,0.9197863475584873,0.9256674547791037,0.973684
0.5350701402805611,0.9199845677571301,0.9261464675224628,0.973684
0.5370741482965932,0.9201827879557729,0.9266254802658218,0.973684
0.5390781563126252,0.9203810081544156,0.9271044930091809,0.973684
0.5410821643286573,0.9205792283530584,0.9275835057525399,0.973684
0.5430861723446894,0.9207774485517012,0.9280625184958989,0.973684
0.5450901803607214,0.9209756687503439,0.928541531239258,0.973684
0.5470941883767535,0.9215923303562502,0.929020543982617,0.973684
0.5490981963927856,0.9224766640463528,0.9294995567259761,0.973684
0.5511022044088176,0.9233609977364553,0.9299785694693351,0.973684
0.5531062124248497,0.9242453314265577,0.9304575822126941,0.973684
0.5551102204408818,0.9251296651166603,0.9309365949560532,0.973684
0.5571142284569138,0.9260139988067628,0.9314156076994122,0.973684
0.5591182364729459,0.9268983324968654,0.9318946204427713,0.973684
0.561122244488978,0.9277826661869679,0.9323736331861303,0.973684
0.56312625250501,0.9286669998770704,0.9328526459294894,0.973684
0.565130260521042,0.9295513335671729,0.9333316586728484,0.973684
0.567134268537074,0.9304356672572754,0.9338106714162074,0.973684
0.5691382765531061,0.9313200009473779,0.9342896841595665,0.973684
0.5711422845691382,0.9322043346374804,0.9347686969029255,0.973684
0.5731462925851702,0.933088668327583,0.9352477096462846,0.973684
0.5751503006012023,0.9339730020176855,0.9357267223896436,0.973684
0.5771543086172344,0.9348573357077881,0.9362057351330026,0.973684
0.5791583166332664,0.9357416693978905,0.9366847478763617,0.973684
0.5811623246492985,0.936626003087993,0.9371637606197207,0.973684
0.5831663326653306,0.9375103367780956,0.9376427733630798,0.973684
0.5851703406813626,0.9383946704681981,0.9381217861064388,0.973684
0.5871743486973947,0.9392790041583007,0.9386007988497979,0.973684
0.5891783567134268,0.9401633378484031,0.9390798115931569,0.973684
0.5911823647294588,0.9410476715385057,0.9395588243365159,0.973684
0.5931863727454909,0.9419320052286082,0.940037837079875,0.973684
0.595190380761523,0.9428163389187108,0.940516849823234,0.973684
0.597194388777555,0.9437006726088133,0.9409958625665931,0.973684
0.5991983967935871,0.9445850062989158,0.9414748753099521,0.973684
0.6012024048096192,0.9454693399890183,0.9419538880533112,0.973684
0.6032064128256512,0.9463536736791208,0.9424329007966702,0.973684
0.6052104208416833,0.9472380073692234,0.9429119135400292,0.973684
0.6072144288577154,0.9475431219628606,0.9433909262833883,0.973684
0.6092184368737474,0.9477484220054871,0.9438699390267473,0.973684
0.6112224448897795,0.9479537220481137,0.9443489517701064,0.973684
0.6132264529058116,0.9481590220907402,0.9448279645134654,0.973684
0.6152304609218436,0.9483643221333667,0.9453069772568244,0.973684
0.6172344689378757,0.9485696221759932,0.9457859900001835,0.973684
0.6192384769539078,0.9487749222186197,0.9462650027435425,0.973684
0.6212424849699398,0.9489802222612462,0.9467440154869016,0.973684
0.6232464929859719,0.9491855223038728,0.9472230282302606,0.973684
0.625250501002004,0.9493908223464993,0.9477899633343515,0.973684
0.627254509018036,0.9495961223891258,0.9483950562132112,0.973684
0.6292585170340681,0.9498014224317524,0.949000149092071,0.973684
0.6312625250501002,0.9500067224743788,0.9496052419709307,0.973684
0.6332665330661322,0.9502120225170053,0.9502103348497905,0.973684
0.6352705410821643,0.9504173225596318,0.9508154277286501,0.973684
0.6372745490981964,0.9506226226022584,0.9514205206075099,0.973684
0.6392785571142284,0.9508279226448849,0.9520256134863697,0.973684
0.6412825651302605,0.9510332226875114,0.9526307063652294,0.973684
0.6432865731462926,0.951238522730138,0.9532357992440892,0.973684
0.6452905811623246,0.9514438227727644,0.9538408921229489,0.973684
0.6472945891783567,0.9516491228153909,0.9544459850018087,0.973684
0.6492985971943888,0.9518544228580175,0.9550510778806683,0.973684
0.6513026052104208,0.952059722900644,0.9556561707595281,0.973684
0.6533066132264529,0.9522650229432705,0.9562612636383879,0.973684
0.655310621242485,0.9524703229858971,0.9568663565172476,0.973684
0.657314629258517,0.9526756230285236,0.9574714493961074,0.973684
0.6593186372745491,0.9528809230711501,0.9580765422749671,0.973684
0.6613226452905812,0.9530862231137766,0.9586816351538269,0.973684
0.6633266533066132,0.9532915231564031,0.9592867280326866,0.973684
0.6653306613226453,0.9534968231990296,0.9598918209115463,0.973684
0.6673346693386772,0.9537021232416562,0.960496913790406,0.973684
0.6693386773547093,0.9539074232842827,0.9611020066692658,0.973684
0.6713426853707414,0.9541127233269092,0.9617070995481255,0.973684
0.6733466933867734,0.9543180233695356,0.9623121924269853,0.973684
0.6753507014028055,0.9545233234121622,0.962917285305845,0.973684
0.6773547094188376,0.9547286234547887,0.9635223781847048,0.973684
0.6793587174348696,0.9549339234974152,0.9641274710635646,0.973684
0.6813627254509017,0.9551392235400418,0.9647325639424242,0.973684
0.6833667334669338,0.9553445235826683,0.965337656821284,0.973684
0.6853707414829658,0.9555498236252948,0.9659427497001437,0.973684
0.6873747494989979,0.9557551236679214,0.9665478425790035,0.973684
0.68937875751503,0.9559604237105478,0.9671529354578632,0.973684
0.691382765531062,0.9561657237531743,0.967758028336723,0.973684
0.6933867735470941,0.9563710237958009,0.9683631212155828,0.973684
0.6953907815631262,0.9565763238384274,0.9689682140944424,0.973684
0.6973947895791582,0.9567816238810539,0.9695733069733022,0.973684
0.6993987975951903,0.9569869239236805,0.9701783998521619,0.973684
0.7014028056112224,0.957192223966307,0.9707834927310217,0.973684
0.7034068136272544,0.9573975240089334,0.9713885856098814,0.973684
0.7054108216432865,0.9576028240515599,0.9719936784887412,0.973684
0.7074148296593186,0.9578081240941865,0.972598771367601,0.9737729961281657
0.7094188376753506,0.958013424136813,0.9732038642464607,0.9739526331409865
0.7114228456913827,0.9582187241794395,0.973684,0.9741322701538072
0.7134268537074148,0.9584240242220661,0.973684,0.9743119071666281
0.7154308617234468,0.9586293242646926,0.973684,0.9744915441794488
0.7174348697394789,0.958834624307319,0.973684,0.9746711811922696
0.719438877755511,0.9590399243499456,0.973684,0.9748508182050903
0.721442885771543,0.9592452243925721,0.973684,0.9750304552179112
0.7234468937875751,0.9594505244351986,0.973684,0.975210092230732
0.7254509018036072,0.9596558244778252,0.973684,0.9753897292435527
0.7274549098196392,0.9598611245204517,0.973684,0.9755693662563735
0.7294589178356713,0.9600664245630782,0.973684,0.9757490032691943
0.7314629258517034,0.9602717246057048,0.973684,0.9759286402820151
0.7334669338677354,0.9604770246483312,0.973684,0.9761082772948358
0.7354709418837675,0.9606823246909577,0.973684,0.9762879143076566
0.7374749498997996,0.9608876247335842,0.973684,0.9764675513204775
0.7394789579158316,0.9610929247762108,0.973684,0.9766471883332982
0.7414829659318637,0.9612982248188373,0.973684,0.976826825346119
0.7434869739478958,0.9615035248614638,0.973684,0.9770064623589397
0.7454909819639278,0.9617088249040904,0.973684,0.9771860993717606
0.7474949899799599,0.9619141249467168,0.973684,0.9773657363845814
0.749498997995992,0.9621194249893433,0.973684,0.9775453733974021
0.751503006012024,0.9623247250319699,0.973684,0.9777250104102229
0.7535070140280561,0.9625300250745964,0.973684,0.9779046474230437
0.7555110220440882,0.9627353251172229,0.973684,0.9780842844358645
0.7575150300601202,0.9629406251598495,0.973684,0.9782639214486852
0.7595190380761523,0.963145925202476,0.973684,0.9784435584615061
0.7615230460921844,0.9633512252451024,0.973684,0.9786231954743269
0.7635270541082164,0.963556525287729,0.973684,0.9788028324871476
0.7655310621242485,0.9637618253303555,0.973684,0.9789824694999684
0.7675350701402806,0.963967125372982,0.973684,0.9791621065127892
0.7695390781563125,0.9641724254156085,0.973684,0.97934174352561
0.7715430861723446,0.9643777254582351,0.973684,0.9795213805384307
0.7735470941883766,0.9645830255008616,0.973684,0.9797010175512515
0.7755511022044087,0.964788325543488,0.973684,0.9798806545640723
0.7775551102204408,0.9649936255861146,0.973684,0.9800602915768931
0.7795591182364728,0.9651989256287411,0.973684,0.9802399285897139
0.7815631262525049,0.9654042256713676,0.973684,0.9804195656025346
0.783567134268537,0.9656095257139942,0.973684,0.9805992026153554
0.785571142284569,0.9658148257566207,0.973684,0.9807788396281762
0.7875751503006011,0.9660201257992472,0.973684,0.980958476640997
0.7895791583166332,0.9662254258418737,0.973684,0.9811381136538178
0.7915831663326652,0.9664307258845002,0.973684,0.9813177506666386
0.7935871743486973,0.9666360259271267,0.973684,0.9814973876794594
0.7955911823647294,0.9668413259697533,0.973684,0.9816770246922801
0.7975951903807614,0.9670466260123798,0.973684,0.9818566617051009
0.7995991983967935,0.9672519260550063,0.973684,0.9820362987179218
0.8016032064128256,0.9674572260976328,0.973684,0.9822159357307425
0.8036072144288576,0.9676625261402594,0.973684,0.9823955727435633
0.8056112224448897,0.9678678261828858,0.973684,0.982575209756384
0.8076152304609218,0.9680731262255123,0.973684,0.9827548467692049
0.8096192384769538,0.9682784262681389,0.973684,0.9829344837820256
0.8116232464929859,0.9684837263107654,0.973684,0.9831141207948464
0.813627254509018,0.9686890263533919,0.973684,0.9832937578076671
0.81563126252505,0.9688943263960185,0.973684,0.983473394820488
0.8176352705410821,0.969099626438645,0.973684,0.9836530318333088
0.8196392785571142,0.9693049264812714,0.973684,0.9838326688461295
0.8216432865731462,0.969510226523898,0.973684,0.9840123058589503
0.8236472945891783,0.9697155265665245,0.973684,0.9841919428717711
0.8256513026052104,0.969920826609151,0.973684,0.9843715798845919
0.8276553106212424,0.9701261266517776,0.973684,0.9845512168974127
0.8296593186372745,0.9703314266944041,0.973684,0.9847308539102334
0.8316633266533066,0.9705367267370306,0.973684,0.9849104909230543
0.8336673346693386,0.9707420267796572,0.973684,0.985090127935875
0.8356713426853707,0.9709473268222836,0.973684,0.9852697649486958
0.8376753507014028,0.9711526268649101,0.973684,0.9854494019615165
0.8396793587174348,0.9713579269075366,0.973684,0.9856290389743374
0.8416833667334669,0.9715632269501632,0.973684,0.9858086759871582
0.843687374749499,0.9717685269927897,0.973684,0.9859883129999789
0.845691382765531,0.9719738270354162,0.973684,0.9861679500127997
0.8476953907815631,0.9721791270780428,0.973684,0.9863475870256205
0.8496993987975952,0.9723844271206692,0.973684,0.9865272240384413
0.8517034068136272,0.9725897271632957,0.973684,0.986706861051262
0.8537074148296593,0.9727950272059223,0.973684,0.9868864980640828
0.8557114228456913,0.9730003272485488,0.973684,0.9870661350769037
0.8577154308617234,0.9732056272911753,0.973684,0.9872457720897244
0.8597194388777555,0.9734109273338019,0.973684,0.9874254091025452
0.8617234468937875,0.9736162273764284,0.973684,0.9876050461153659
0.8637274549098196,0.9740893426431549,0.973684,0.9877846831281868
0.8657314629258517,0.9746944355220147,0.973684,0.9879643201410075
0.8677354709418837,0.9752995284008744,0.973684,0.9881439571538283
0.8697394789579158,0.9759046212797342,0.973684,0.988323594166649
0.8717434869739479,0.9765097141585939,0.973684,0.9885032311794699
0.8737474949899798,0.9771148070374537,0.973684,0.9886828681922907
0.8757515030060119,0.9777198999163134,0.973684,0.9888625052051114
0.877755511022044,0.9783249927951732,0.973684,0.9890421422179322
0.879759519038076,0.9789300856740328,0.973684,0.989221779230753
0.8817635270541081,0.9795351785528926,0.973684,0.9894014162435738
0.8837675350701402,0.9801402714317524,0.973684,0.9895810532563946
0.8857715430861722,0.9807453643106121,0.973684,0.9897606902692153
0.8877755511022043,0.9813504571894719,0.973684,0.9899403272820362
0.8897795591182364,0.9819555500683316,0.973684,0.9901199642948569
0.8917835671342684,0.9825606429471914,0.973684,0.9902996013076777
0.8937875751503005,0.983165735826051,0.973684,0.9904792383204984
0.8957915831663326,0.9837708287049108,0.973684,0.9906588753333193
0.8977955911823646,0.9843759215837706,0.973684,0.9908385123461401
0.8997995991983967,0.9849810144626303,0.973684,0.9910181493589608
0.9018036072144288,0.9855861073414901,0.973684,0.9911977863717816
0.9038076152304608,0.9861912002203498,0.973684,0.9913774233846024
0.9058116232464929,0.9867962930992096,0.973684,0.9915570603974232
0.907815631262525,0.9874013859780693,0.973684,0.991736697410244
0.909819639278557,0.988006478856929,0.973684,0.9919163344230648
0.9118236472945891,0.9886115717357887,0.973684,0.9920959714358856
0.9138276553106212,0.9892166646146485,0.973684,0.9922756084487063
0.9158316633266532,0.9898217574935083,0.973684,0.9924552454615271
0.9178356713426853,0.990426850372368,0.973684,0.992634882474348
0.9198396793587174,0.9910319432512278,0.973684,0.9928145194871687
0.9218436873747494,0.9916370361300875,0.973684,0.9929941564999895
0.9238476953907815,0.9922421290089473,0.973684,0.9931737935128102
0.9258517034068136,0.9928472218878069,0.973684,0.9933534305256311
0.9278557114228456,0.9934523147666667,0.973684,0.9935330675384518
0.9298597194388777,0.9940574076455265,0.973684,0.9937127045512726
0.9318637274549098,0.9946625005243862,0.973684,0.9938923415640933
0.9338677354709418,0.995267593403246,0.973684,0.9940719785769142
0.9358717434869739,0.9958726862821057,0.973684,0.994251615589735
0.937875751503006,0.9964777791609655,0.973684,0.9944312526025557
0.939879759519038,0.9970828720398252,0.973684,0.9946108896153765
0.9418837675350701,0.9976879649186849,0.973684,0.9947905266281973
0.9438877755511021,0.9982930577975447,0.973684,0.9949701636410181
0.9458917835671342,0.9988981506764044,0.973684,0.9951498006538388
0.9478957915831663,0.9995032435552642,0.973684,0.9953294376666596
0.9498997995991983,1.0,0.973684,0.9955090746794805
0.9519038076152304,1.0,0.973684,0.9956887116923012
0.9539078156312625,1.0,0.973684,0.995868348705122
0.9559118236472945,1.0,0.973684,0.9960479857179427
0.9579158316633266,1.0,0.973684,0.9962276227307636
0.9599198396793587,1.0,0.973684,0.9964072597435844
0.9619238476953907,1.0,0.973684,0.9965868967564051
0.9639278557114228,1.0,0.973684,0.9967665337692259
0.9659318637274549,1.0,0.973684,0.9969461707820467
0.9679358717434869,1.0,0.973684,0.9971258077948675
0.969939879759519,1.0,0.973684,0.9973054448076882
0.9719438877755511,1.0,0.973684,0.997485081820509
0.9739478957915831,1.0,0.9750903907877521,0.9976647188333299
0.9759519038076151,1.0,0.9770065145733096,0.9978443558461506
0.9779559118236472,1.0,0.9789226383588671,0.9980239928589714
0.9799599198396792,1.0,0.9808387621444246,0.9982036298717921
0.9819639278557113,1.0,0.9827548859299821,0.998383266884613
0.9839679358717434,1.0,0.9846710097155397,0.9985629038974337
0.9859719438877754,1.0,0.9865871335010972,0.9987425409102545
0.9879759519038075,1.0,0.9885032572866547,0.9989221779230752
0.9899799599198396,1.0,0.9904193810722123,0.9991018149358961
0.9919839679358716,1.0,0.9923355048577698,0.9992814519487169
0.9939879759519037,1.0,0.9942516286433273,0.9994610889615376
0.9959919839679358,1.0,0.9961677524288848,0.9996407259743584
0.9979959919839678,1.0,0.9980838762144424,0.9998203629871792
1.0,1.0,1.0,1.0
